weibo_id,user_name,publish_time,cleaned_text,sentiment_label,sentiment_score
5247724267766802,test,Thu Dec 25 13:06:29 +0800 2025,太棒了,积极,0.6324763813412574
5247724267766802,test,Thu Dec 25 13:06:29 +0800 2025,太糟了,消极,0.23922549059459186
5247724267766802,守中听心,Thu Dec 25 13:06:29 +0800 2025,头一次知道西兰花能放2年，家里买的三五天都犹豫要不要吃,积极,0.5203579224896231
5247724267766802,一位成熟的中年女士,Thu Dec 25 13:06:23 +0800 2025,处理及时的冷冻蔬菜营养价值是高于市面上零售能买到的“新鲜”蔬菜的（因为新鲜蔬菜在运输过程中也会损失掉一部分营养价值），可惜大众的知识水平跟不上他们汹涌澎湃想要给资本家挂路灯的情绪,积极,0.8799011541490926
5247724267766802,吃饭睡觉看电影的微博,Thu Dec 25 13:13:03 +0800 2025,我为啥不吃新鲜的，要吃你这个,消极,0.14755511840767954
5247724267766802,朴实的兮兮,Thu Dec 25 13:01:21 +0800 2025,使用新鲜食材难吗？,积极,0.6034767619027775
5247724267766802,baoqy,Thu Dec 25 14:00:54 +0800 2025,总之就是一句话：预制的就是比新鲜的品质高。,积极,0.7481301609411531
5247724267766802,檀堏,Thu Dec 25 13:48:20 +0800 2025,再讲讲鳕鱼排是什么鱼，快过期的肉是什么。,消极,0.3409416380060065
5247724267766802,大发9235,Thu Dec 25 15:25:02 +0800 2025,看样子有备而来，估计换公关公司了，在年底圣诞节做新一年营销,积极,0.8972408518629692
5247724267766802,半口奶酪aOo,Thu Dec 25 15:43:11 +0800 2025,有4块钱一斤的新鲜西兰花不用，非要用8块钱一斤的冷冻西兰花,消极,0.14253965773490235
5247724267766802,AscentVeil,Thu Dec 25 14:38:11 +0800 2025,爱花新鲜蔬菜的两倍价格吃冷冻菜的这辈子有了，头一次听说冷冻菜比新鲜蔬菜还要好,积极,0.5172005761271067
5247724267766802,西贝广东总厨_掌控5套微波炉,Thu Dec 25 16:57:19 +0800 2025,大家都忘了要过周岁的羊腿？？？,消极,0.12107580042307178
5247724267766802,DCMC1988_303,Thu Dec 25 15:07:06 +0800 2025,多说无益，在我看到银行卡有钱转入以前，我有权保持沉默,消极,0.4809532768997421
5247724267766802,第六天魔666666,Thu Dec 25 14:31:46 +0800 2025,当地是买不到有机西兰花吗？,消极,0.11355183740719536
5247724267766802,Neekoo丶,Thu Dec 25 15:50:04 +0800 2025,要不要找找视频采访中西兰花的生产日期是哪天？多久了还没吃完的？嗯？,积极,0.6219891649284477
5247724267766802,到底要改个什么名字好呢,Thu Dec 25 16:04:30 +0800 2025,周末又去吃了西贝，失望，什么优惠都没有，真贵，我感觉味道还不如从前,消极,0.1785841316470309
5247724267766802,一心异议,Sat Dec 27 21:08:01 +0800 2025,沟通的艺术！,积极,0.85609310522714
5247724267766802,西九龙的港片,Fri Dec 26 14:57:42 +0800 2025,南方周末都开始恰饭了,消极,0.329673671367388
5247724267766802,音乐小刀30年,Fri Dec 26 14:50:57 +0800 2025,欲盖弥彰 此地无银 人云亦云 认知迷障,消极,0.10293680238007874
5247724267766802,扑扑两刀,Fri Dec 26 10:04:42 +0800 2025,商城1kg冷冻羊蝎子卖110。。超市新鲜的卖50,消极,0.10285813789196206
5247724267766802,二当家的意难平,Fri Dec 26 02:16:00 +0800 2025,能不能不说他了，他自己公司内部玩吧,消极,0.10641432277045161
5247724267766802,内部炸裂,Thu Dec 25 18:29:18 +0800 2025,贾老板还是诚恳的,积极,0.8495009884822622
5247757545640374,小幸运的冰儿,Thu Dec 25 15:07:38 +0800 2025,只要消费透明就行。,积极,0.8112628964483634
5247757545640374,谷雨爹地,Thu Dec 25 15:45:56 +0800 2025,来了,积极,0.8847135901631304
5247757545640374,-roate,Thu Dec 25 15:12:55 +0800 2025,我感觉西贝算好的了,积极,0.8059765895822721
5247757545640374,最爱瑶瑶的小凝子,Thu Dec 25 18:14:52 +0800 2025,来看看,积极,0.8745495929692453
5247757545640374,最南是北,Thu Dec 25 21:48:33 +0800 2025,现在还有人去吃吗,消极,0.36404745723082144
5247757545640374,SixSix于六六,Thu Dec 25 16:23:10 +0800 2025,吃点好的吧,积极,0.7946222544198577
5247757545640374,独来独往的大脸猫,Thu Dec 25 15:06:48 +0800 2025,转发微博,积极,0.7263101263290196
5248433776757269,上游新闻,Sat Dec 27 12:39:40 +0800 2025,贾国龙的40天失眠，是给所有餐饮企业的一记警钟，任何试图用话术蒙蔽公众、用强硬态度压制质疑的做法，最终都将反噬自身，用真诚和透明重新获取消费者的信任，才是让企业掌舵人安心入睡的良方。,积极,0.5057690612697116
5248433776757269,上游新闻,Sat Dec 27 12:39:31 +0800 2025,从“硬刚”到“认错”，贾国龙的态度转变值得肯定，但更关键的是如何将“敬畏消费者”从口号转化为行动。真正的解药，不在于事后道歉多么诚恳，而在于企业能否重新建立起让消费者放心的口碑。,积极,0.6520010205655581
5248433776757269,上游新闻,Sat Dec 27 12:38:55 +0800 2025,贾国龙的“失眠”，本质上是品牌信任崩塌后的焦虑。他提到的三个错误，表面看是应对的失当，实则是企业在面对消费者质疑时的傲慢与错位。,消极,0.17470825672368298
5248433776757269,上游新闻,Sat Dec 27 12:38:45 +0800 2025,贾国龙称当初犯了三个错误，“第一个错误是选择正面硬刚，说我宁愿不做生意，也要辨明是非，一定要起诉罗永浩；第二个错误是开放厨房；第三个错误是我在一个微信群聊里发言，回应同行关心，用了不妥的说法。归根结底，都是因为冲动。还有一个更大的错误，是我长期忽视了顾客的声音。”,消极,0.23712047892518373
5248433776757269,上游新闻,Sat Dec 27 12:38:33 +0800 2025,近日，贾国龙首次回应西贝预制菜风波。贾国龙表示，这次风波对西贝影响比以往所有的经营危机量级都要大，自己连续40天靠吃安眠药入睡，每天有“处理不完的事”，憋了一肚子的心里话。,积极,0.8541356851249589
5248433776757269,小豆子子子子08256,Sat Dec 27 12:31:41 +0800 2025,确实西贝之前还觉得多好吃的,积极,0.8198215074113705
5248433776757269,小豆子子子子08256,Sat Dec 27 12:31:29 +0800 2025,以后现炒就是现炒吧,消极,0.4719608815792349
5248433776757269,小豆子子子子08256,Sat Dec 27 12:29:39 +0800 2025,确实用心诚信经营比什么都好,积极,0.5437812689586081
5248433776757269,山城小妞199908,Sat Dec 27 12:26:47 +0800 2025,经过这件事老贾还是用心经营吧。,消极,0.49445816825054223
5248433776757269,山城小妞199908,Sat Dec 27 12:26:17 +0800 2025,价格也不算便宜,消极,0.11392119568559984
5248433776757269,山城小妞199908,Sat Dec 27 12:26:09 +0800 2025,确实如果是预制菜没啥。但是不要打着现炒来包装预制菜,消极,0.23775463875326464
5248433776757269,波呐呐的香蕉,Sat Dec 27 12:46:38 +0800 2025,因为很多预制菜还是小朋友要入口的,积极,0.7564752773869372
5248433776757269,波呐呐的香蕉,Sat Dec 27 12:46:20 +0800 2025,确实太让人觉得还是应该用心吧,消极,0.10280430149595624
5248433776757269,晓卷ots,Sat Dec 27 12:43:24 +0800 2025,敬畏消费者不能只是一句口号,消极,0.1513514258781177
5248433776757269,晓卷ots,Sat Dec 27 12:43:20 +0800 2025,贾国龙失眠敬畏消费者才是解药 对头,消极,0.4297756521415721
5247737916031167,yugolou,Thu Dec 25 13:49:02 +0800 2025,他应该是没能力理解自己这次到底错哪了。,消极,0.41628027300818926
5247737916031167,康康的魔法口袋,Thu Dec 25 13:59:47 +0800 2025,通过这次采访让我也知道了，出口欧盟的国际标准是很高很高的标准，我们国内能吃到这么高标准的食物应该要跪谢大老板慈悲,积极,0.8937131281816733
5247737916031167,Crabaggio,Thu Dec 25 14:07:07 +0800 2025,他还是没理解……顾客想吃新鲜现做的，隔夜都不想，别说冷冻两个月的蔬菜了,消极,0.10569573779112684
5247737916031167,超级大西瓜al,Thu Dec 25 14:02:21 +0800 2025,编好词了,消极,0.4698880462286177
5247737916031167,梁律LV,Thu Dec 25 20:32:29 +0800 2025,核心还是我只是公关做错了，我的产品质量没错 我没有卖预制菜只是我理解的预制菜和大众理解预制菜概念不同,消极,0.462595055778911
5247737916031167,天眼看世界2026,Thu Dec 25 15:57:42 +0800 2025,别人吃新鲜的西兰花5块，我这极速锁鲜两年的，而且还是纯无公害的，我卖50，别人要的是我这的质量好！,消极,0.15411271482037403
5247737916031167,Wait1ngForLove,Thu Dec 25 13:51:34 +0800 2025,那怎么还不起诉罗永浩？,消极,0.13010932784999155
5247737916031167,财富大侦探007,Thu Dec 25 14:05:30 +0800 2025,日本这边从中国进口的保质期一两年的冷冻菜冷冻肉满大街都是，外面的餐饮店也基本是用这些贾国龙首次回应西贝预制菜风波,消极,0.1402100878443219
5247737916031167,股市晴雨表Y,Thu Dec 25 16:38:04 +0800 2025,西兰花存的越久越贵，因为要交冷冻费,消极,0.4313223750776096
5247737916031167,银河系二级摸鱼运动员,Thu Dec 25 14:06:43 +0800 2025,到现在也没觉得自己产品有问题啊,消极,0.17030384502734836
5247737916031167,二品带剪子护卫,Thu Dec 25 16:45:44 +0800 2025,两个月了，还没想明白,消极,0.2856957265313168
5247737916031167,莫名其妙之天,Thu Dec 25 14:10:35 +0800 2025,西贝不咋样,消极,0.11078518748052334
5247737916031167,光锥之外9890,Thu Dec 25 19:26:49 +0800 2025,几个月了，他还不知道自己的问题是什么！,消极,0.28963268068961767
5247737916031167,东羽山,Thu Dec 25 17:07:52 +0800 2025,主要问题是难吃+贵+强调自己不是预制菜，如果这三点不是同时满足也不会引起那么大的风波。,消极,0.10962972928486998
5247737916031167,阮荆天,Thu Dec 25 14:35:36 +0800 2025,还在自掘坟墓,消极,0.17934613623627726
5247737916031167,股市晴雨表Y,Thu Dec 25 16:39:20 +0800 2025,贾老板西兰花执行的是欧盟三文鱼标准，我劝你们能理解他的苦心,消极,0.11765812619038878
5247737916031167,tnk-587,Thu Dec 25 16:52:50 +0800 2025,消费降级，新生代，餐饮迭代，这些是大势，西贝作古了，不是解释与否的问题，它是上一个时代的品牌了。,积极,0.8957599141775319
5247737916031167,阴霾与梦魇,Thu Dec 25 20:02:03 +0800 2025,他甚至不知道错在哪里……,消极,0.23283620305897423
5247737916031167,老关啊老关,Thu Dec 25 19:29:18 +0800 2025,他还是不知道自己错在哪了,消极,0.3206309642628069
5247737916031167,背叛电影,Thu Dec 25 16:51:49 +0800 2025,很明显，老登还是没明白自己错在哪里了,消极,0.12005565348458788
5247781210165460,茛雨,Thu Dec 25 16:41:09 +0800 2025,你还会在西贝用餐吗？,消极,0.4398381608475773
5247781210165460,听莉,Thu Dec 25 17:20:20 +0800 2025,其实他已经赚得盆满钵满了,积极,0.8653090404919368
5247781210165460,听莉,Thu Dec 25 17:28:33 +0800 2025,感觉也是没招了，所以出来了,消极,0.24635302628940378
5247781210165460,雾漫那山川,Thu Dec 25 17:04:18 +0800 2025,好喜欢看这个,积极,0.786132915637225
5247781210165460,娚绿茶,Thu Dec 25 17:21:36 +0800 2025,以后不吃了,积极,0.8323986084045032
5247781210165460,牧小虎,Thu Dec 25 17:54:30 +0800 2025,呵呵呵这种人，我就笑笑不说话,消极,0.10459289949108361
5248155421513432,烟雨江南_202411,Fri Dec 26 20:14:10 +0800 2025,他还是不觉得自己后厨有问题,消极,0.41129340835303124
5248155520338747,辽阔草原锡林郭勒,Sat Dec 27 08:34:55 +0800 2025,//,消极,0.11077889732501027
5248155520338747,Schokoladenladen,Sat Dec 27 11:11:30 +0800 2025,绝世好文！,积极,0.7569454918869752
5248155520338747,不可用的名字千千万,Sat Dec 27 10:26:01 +0800 2025,老登是一种年纪还是一种感觉,消极,0.1498195331795674
5248155520338747,游戏时间Showtime,Fri Dec 26 18:03:01 +0800 2025,恭喜发财,积极,0.8330847674342294
5247757474334944,中医王卓,Thu Dec 25 15:11:16 +0800 2025,老胡说的对,消极,0.40795134867741395
5247757474334944,重生之我在草台班子当摄像,Thu Dec 25 15:14:38 +0800 2025,独立思考，明辨是非,积极,0.8771552927821176
5247757474334944,秋色照孤城,Thu Dec 25 15:11:23 +0800 2025,他的菜确实不算预制菜，已经很不错了,积极,0.8894265683073286
5247757474334944,大雾匍匐,Thu Dec 25 15:36:29 +0800 2025,罗永浩这次缺了大德了,消极,0.39782044529206073
5247757474334944,爱上南山_pze,Thu Dec 25 15:28:58 +0800 2025,向全世界包括自己都道歉了，没向罗道歉，还是憋着最后的倔强，这可以理解——其实这件事罗没啥过错，但贾最初的无知、傲慢和攻击性都显得特别突兀，钱和损友惯的吧？当然，真能反思也不是坏事,积极,0.7670610785333138
5247757474334944,全部上楼,Thu Dec 25 15:15:11 +0800 2025,市面上一大半的餐厅厨房都不如西北，见仁见智吧,积极,0.8560329746884691
5247757474334944,VIVA715,Thu Dec 25 15:18:35 +0800 2025,这种制作工艺的门店系广东很难赢得群众的支持,消极,0.11829033101244055
5247757474334944,CheckCheck有鱼,Thu Dec 25 17:05:40 +0800 2025,西贝加油，他家的牛羊肉，作为广东人都觉得品质好，不知道为啥网上的人都黑他,积极,0.8880553114745566
5247757474334944,大兵说两句实在话,Thu Dec 25 22:56:37 +0800 2025,作为一个常吃西贝的人，公公道道说句话，如果说西贝不行不放心，市场上就没有多少行的放心的餐厅了，勿喷,消极,0.3396448272499681
5247757474334944,吃了就吐的冰激凌,Thu Dec 25 16:33:04 +0800 2025,老胡所言极是。支持,积极,0.8824420718832698
5247757474334944,种花家的福州老兔子,Thu Dec 25 15:22:34 +0800 2025,预制菜没问题，没有明示才是问题。饭店什么情况算预制菜国家应该出台明确的标准。,消极,0.11663283858476423
5247757474334944,Rainwaker,Thu Dec 25 16:02:36 +0800 2025,你那不叫中央厨房 那叫食品工厂 利用文字混淆概念,消极,0.10280926730158015
5247757474334944,凯恩斯,Thu Dec 25 17:23:29 +0800 2025,理解大众焦虑，积极改正，老贾这次真男人，认错不甩锅，敢作敢当👍预制菜风波后贾国龙靠吃安眠药入睡,积极,0.8839775071873675
5247757474334944,HFVWB,Thu Dec 25 16:37:11 +0800 2025,西贝的品质本身没问题，是不懂互联网怎么玩，这教训太大了，差点就弄死了。,消极,0.12364453260567453
5247757474334944,爱乐康闲,Thu Dec 25 16:26:12 +0800 2025,西贝算放心吃的店了,积极,0.8922301061051258
5247757474334944,九分熟的糖心蛋,Thu Dec 25 18:54:44 +0800 2025,罗永浩没问题，顾客提建议和意见也不可以？？那就把网上的“探店”“食评”全部关闭了吧。,消极,0.21108977321701994
5247757474334944,荔枝西瓜的甜甜梦,Thu Dec 25 18:34:44 +0800 2025,西贝蛮好吃的，服务也很好,积极,0.841221317184889
5248096733761418,葵花向阳啊,Fri Dec 26 18:56:59 +0800 2025,争议从未离开过他，但江湖也始终有他的传说，这句经典,积极,0.756472857272982
5248096733761418,四海亦家H,Fri Dec 26 17:33:29 +0800 2025,话题成功的营销者，生意的失败者。,消极,0.10646475180372597
5248096733761418,财高啊高,Fri Dec 26 17:16:02 +0800 2025,太谦虚了吧，已经很成功了,积极,0.8659523084179028
5248096733761418,创瓜瓜,Fri Dec 26 14:55:51 +0800 2025,脱口秀专业演员,消极,0.38151523651863994
5248096733761418,徐晚胜,Fri Dec 26 14:37:55 +0800 2025,真还传终章，失败者IP已炼成顶流赢家，江湖不朽。,积极,0.8452327997890393
5248096733761418,这棵苹果树,Fri Dec 26 14:25:48 +0800 2025,非著名失败者,消极,0.11452231737226008
5248096733761418,为了余生下载了微博,Fri Dec 26 13:46:36 +0800 2025,博主说的有道理,积极,0.8730432865713851
5248096733761418,阿牛之道,Tue Dec 30 14:50:14 +0800 2025,黑了投资人的钱，成功了自己,消极,0.12481301980791419
5248096733761418,乐7199,Sat Dec 27 06:49:42 +0800 2025,最不要脸差不多,消极,0.10271903512874793
5247777585500107,今天阳光休假,Thu Dec 25 21:30:50 +0800 2025,毕竟一次对事情做出完整解释较为全面,积极,0.8742527845094742
5247777585500107,短发悠扬88,Fri Dec 26 13:50:12 +0800 2025,所以，这是认输了吗,消极,0.11921350229133024
5247777585500107,Small-Snail,Fri Dec 26 13:41:19 +0800 2025,标题党。。。,积极,0.5288168360880063
5247777585500107,鄢询迹鄢帅衡植草戒,Thu Dec 25 21:30:45 +0800 2025,贾国龙这次回应似乎缺乏诚意。,消极,0.4624135013063885
5247777585500107,往昔碎碎念48561,Sun Dec 28 16:35:06 +0800 2025,吃瓜,积极,0.8887857319969044
5247777585500107,今天冬至你吃饺子了吗,Sat Dec 27 08:58:17 +0800 2025,很好,积极,0.8908918590752364
5247777585500107,梦舞天涯A,Fri Dec 26 19:54:56 +0800 2025,希望食品安全能有所进步，利于消费者,积极,0.573415887070567
5247777585500107,看我胡说八道,Fri Dec 26 14:39:29 +0800 2025,其实大多数网友们还是挺宽容的,积极,0.6472817905836564
5247777585500107,玫瑰花茶_有点甜,Fri Dec 26 14:05:39 +0800 2025,干净卫生价格合适就行了,消极,0.38875649335857076
5247777585500107,湾湾的感觉,Thu Dec 25 21:30:50 +0800 2025,贾国龙首次回应预制菜风波，发布多篇微博澄清，强调产品辨识和售卖透明,积极,0.8064913010659467
5247777585500107,博学愉悦醉清纯,Thu Dec 25 21:30:50 +0800 2025,西贝预制菜事件的关键信息,消极,0.44266726311663473
5247805493084602,运气来了吗来了吧,Thu Dec 25 18:38:12 +0800 2025,敢于承认，改正错误,积极,0.6010118818944761
5247805493084602,乀cha,Thu Dec 25 19:06:48 +0800 2025,及时处理就能挽回损失,积极,0.879923805292492
5247805493084602,我是你的露丝你是我的杰克,Thu Dec 25 18:24:03 +0800 2025,亡羊补牢，为时未晚,消极,0.4985688810613169
5247805493084602,彗星落兜里了,Thu Dec 25 18:18:04 +0800 2025,其实还有很多这样的企业，只是他没有爆出来而已,消极,0.4992126586392196
5247805493084602,茶叶击蛋,Thu Dec 25 21:18:24 +0800 2025,后面希望能吸取教训,消极,0.18928974252319963
5247805493084602,绰号叫好运,Thu Dec 25 18:20:44 +0800 2025,看来是认识到错误了,消极,0.11980447649593733
5247805493084602,卡比布111,Thu Dec 25 21:44:04 +0800 2025,也是好起来了,积极,0.888775985287532
5247805493084602,锦鲤闪电哥,Thu Dec 25 18:39:52 +0800 2025,看个热闹就行,积极,0.8838190586799584
5247805493084602,倾城小女纸,Thu Dec 25 18:23:15 +0800 2025,希望能够重视起来,消极,0.25120897429605105
5247805493084602,客船到了寒山寺,Thu Dec 25 22:40:19 +0800 2025,承认错误就好了,积极,0.7956376987582218
5247805493084602,云淡风轻轻跑,Sat Dec 27 19:55:50 +0800 2025,这种事情的话就不听他们乱说了。,消极,0.10280262644598745
5247805493084602,云淡风轻轻跑,Sat Dec 27 19:55:44 +0800 2025,本身就有错误的。,消极,0.1865688726938911
5247805493084602,数码猎人笔记,Fri Dec 26 04:14:17 +0800 2025,他估计都后悔多了,消极,0.13977512715764528
5247805493084602,数码猎人笔记,Fri Dec 26 04:14:05 +0800 2025,只能说活该被骂,消极,0.10091649324961786
5247805493084602,小枝咩o,Fri Dec 26 01:40:30 +0800 2025,这也是回应了呀,消极,0.3720273478474354
5247805493084602,喃喃蜜语1,Thu Dec 25 22:34:37 +0800 2025,说的是的呢,积极,0.5867838749754923
5247805493084602,期待刘总归来,Thu Dec 25 21:58:32 +0800 2025,对，这说的没错的,积极,0.7693822395679035
5247805493084602,莞尔一笑429,Thu Dec 25 21:52:43 +0800 2025,吃一堑长一智,积极,0.8545860230269682
5247805493084602,小Ming_QAQ,Thu Dec 25 21:01:11 +0800 2025,有错误及时改正挺好的，看看以后的发展吧,积极,0.8792736612621894
5247805493084602,清风拂柳幕染轻纱,Thu Dec 25 19:47:15 +0800 2025,表示就先看看,消极,0.483785671722881
5247765969896964,那煜不在,Thu Dec 25 15:42:34 +0800 2025,西安富婆娱乐,积极,0.8865202106223592
5247765969896964,Eeeeendymion,Thu Dec 25 18:00:45 +0800 2025,预制菜娱乐,消极,0.23317085104288376
5247765969896964,TicketsDiamonds,Thu Dec 25 16:28:40 +0800 2025,用券还要装娱乐,消极,0.12264318960463119
5247765969896964,评论罗伯椅,Thu Dec 25 15:41:20 +0800 2025,淋娱乐这么有钱,积极,0.7823098724424199
5247765969896964,演员Jonathan,Tue Dec 30 11:25:00 +0800 2025,吃过一次 感觉这一般般啊 什么菜好吃？,积极,0.5558839540036871
5247765969896964,泰勒斯的施柔肾姐_信誉强,Fri Dec 26 08:26:46 +0800 2025,交傲娱乐,积极,0.8577275719384488
5247765969896964,吞吞tuntun96,Mon Dec 29 16:24:53 +0800 2025,富婆娱乐,积极,0.8785611860050381
5247765969896964,凤者自辉女士,Sun Dec 28 09:00:50 +0800 2025,女人世界娱乐,消极,0.43132637878520014
5247765969896964,神野加贺_,Fri Dec 26 01:22:56 +0800 2025,143娱乐,积极,0.7932596993290645
5247765969896964,百变小阴1,Thu Dec 25 22:52:29 +0800 2025,其实你不点餐具他们也会给你的,消极,0.14321645492192575
5247765969896964,我已经打药药零了,Thu Dec 25 21:38:00 +0800 2025,吸贝娱乐,积极,0.8936168956351622
5247765969896964,songforlover,Thu Dec 25 19:57:37 +0800 2025,外卖20以上娱乐,消极,0.10973991622397782
5247765969896964,超级玻璃心的一枚扒婆-下雨天,Thu Dec 25 17:41:00 +0800 2025,不折不扣的赔钱货,消极,0.1005581822850835
5247765969896964,想吃抹茶味冰淇淋,Thu Dec 25 17:31:06 +0800 2025,需要餐具娱乐,积极,0.880353660872359
5247765969896964,迪恩DDND,Thu Dec 25 15:53:12 +0800 2025,大明宫娱乐！,积极,0.8411221541535383
5247765969896964,宁远之戟,Fri Dec 26 15:56:38 +0800 2025,在西安吃凉皮肉夹馍竟然点西贝,消极,0.2885827545960836
5247765969896964,莲合国6161,Thu Dec 25 15:43:04 +0800 2025,原来那种价格的西贝和来路不明的国潮对垒……,消极,0.20047614792210128
5247765969896964,_羊幂_,Thu Dec 25 17:10:15 +0800 2025,吃米村娱乐,积极,0.5299831868178444
5247765969896964,从天堂散步回来已给你跌找好零位,Thu Dec 25 18:48:33 +0800 2025,西蓝花娱乐,消极,0.21191191743227317
5248125994010294,阿狸叭叭电影,Fri Dec 26 15:30:20 +0800 2025,抱走点点赞关注转发不迷路谢谢,积极,0.6866594451271141
5247737916031167,一坨普陀,Thu Dec 25 16:28:05 +0800 2025,风头过了，来洗地的,消极,0.1101058998261538
5247737916031167,大发9235,Thu Dec 25 15:29:33 +0800 2025,老登换公关公司了？,消极,0.3696778519520926
5247737916031167,都都的神兽,Thu Dec 25 14:24:51 +0800 2025,不管对错，不会再去了！,消极,0.10301662947532664
5247737916031167,小魏少年,Sat Dec 27 08:45:29 +0800 2025,出口欧盟=品质很好？ 看来他还是不明白自己错在哪里了,消极,0.16680728400251854
5247737916031167,九尾狐_笨猫,Fri Dec 26 23:06:26 +0800 2025,欧盟标准,消极,0.49046886350586694
5247737916031167,非常机智的土拨鼠,Fri Dec 26 16:27:15 +0800 2025,保质期写3天的面包，第4天吃也不一定有事，写3天的目的就是希望在3天内吃完。同理，西兰花加工了可以放两年，但如果希望一个月用掉，就可以写保质期一个月或者稍微多些；但写了两年，就是允许23个月后继续用。,消极,0.30632953372331073
5247737916031167,一麻二辣,Fri Dec 26 12:35:05 +0800 2025,到现在也不知道啥是西贝估计我们五线小城市还没有,积极,0.6158893023277671
5247737916031167,小小鸟OK,Fri Dec 26 09:58:14 +0800 2025,说个笑话，中央厨房做的预制菜不叫预制菜,消极,0.11752293936949343
5247737916031167,阿四的阳光,Fri Dec 26 08:38:59 +0800 2025,冷冻肉饼炸一下，面包片铁板热一下，加上生菜叶，挤上酱，现场打包好售卖。一回事。,消极,0.14177512002061035
5247737916031167,加德满都的赛斯纳,Fri Dec 26 05:00:43 +0800 2025,南方周末不用看了。,消极,0.12382028171293694
5247737916031167,C或跃在渊C,Fri Dec 26 02:32:26 +0800 2025,2026年了马上 还在拿欧盟品质说事儿,消极,0.1761678332948362
5247737916031167,和牛河豚,Fri Dec 26 01:17:29 +0800 2025,书读的少果然是硬伤。它根本没搞清楚错在哪儿。依然是微波炉饭店。,消极,0.10041725596702732
5247737916031167,天黑时间四点半,Thu Dec 25 21:04:43 +0800 2025,5块钱的西兰花，45块的电费。,消极,0.13993276700156315
5247737916031167,_清香悠悠_,Thu Dec 25 17:43:13 +0800 2025,他还是没有想通大家要吃的是什么,消极,0.3833113887081815
5247737916031167,听说这个名字有吸引力,Thu Dec 25 16:32:07 +0800 2025,不相信当面能说出这些话,消极,0.1016152315657386
5247737916031167,timeeasy,Thu Dec 25 15:23:28 +0800 2025,不会吃。过去（大概8.9年前）还勉强可以，现在可真难吃。性价低好低。,消极,0.10116048997970281
5247737916031167,anlianjimo,Thu Dec 25 14:51:42 +0800 2025,你说的很好， 但是建议你别说了,消极,0.25991014190365647
5247737916031167,大江东去淘不尽之咿呀哟,Thu Dec 25 14:40:30 +0800 2025,没有人说冷冻西蓝花是预制菜吧,消极,0.40603547892580705
5247737916031167,LordofLight,Thu Dec 25 13:58:20 +0800 2025,我觉得他说的很真诚，希望能更理解消费者吧,积极,0.892537321588361
5247737916031167,东海里的大鱼,Thu Dec 25 13:51:54 +0800 2025,表情很丰富,积极,0.6878571848027633
5247737916031167,Ofc_00000000,Fri Dec 26 13:57:18 +0800 2025,向自己认错,积极,0.7194916508971915
5247737916031167,_渔夫-,Wed Dec 31 11:33:51 +0800 2025,离什么华远点比什么都好,消极,0.16921420278217625
5247737916031167,一首首小情歌,Sat Dec 27 11:38:50 +0800 2025,他现在说话我就信标点符号,消极,0.3878096231331142
5247737916031167,不会说话就不讲,Sat Dec 27 11:02:26 +0800 2025,这个词的词谁写的，水准高了很多,消极,0.3894572972461873
5247737916031167,听雨的毛毛虫186,Sat Dec 27 09:32:45 +0800 2025,他到现在都还觉得自己没有问题,积极,0.8057409952080917
5247737916031167,桃漫鹿8023,Sat Dec 27 07:47:30 +0800 2025,人越老越固执，认知固化，不能承认自己真正的错误。,消极,0.421810507312648
5247737916031167,束牛子,Fri Dec 26 15:36:50 +0800 2025,西装鸡蛋鸡解释一下,消极,0.13437097737736883
5247737916031167,牧牧牧小童,Fri Dec 26 12:51:33 +0800 2025,还是没认识错误，还在为自己找借口。,消极,0.10844129349307878
5247737916031167,Shines23,Fri Dec 26 12:51:22 +0800 2025,还出来回应呢，他的成功绝对天意不是自身实力，命好！,积极,0.8750068517907295
5247737916031167,默默无闻1路人,Fri Dec 26 12:41:09 +0800 2025,说到底连他自己错在哪都不知道,消极,0.12463156239891168
5247737916031167,零零零藉口,Fri Dec 26 09:33:07 +0800 2025,那么骄傲的人能主动回应，逐步改进，还是可以的。,积极,0.6546728522757377
5247737916031167,深烂大道,Fri Dec 26 07:46:09 +0800 2025,第二个错误是开放厨房；——这句话是第四个错误,消极,0.23748070269835447
5247737916031167,请反问自己有没有,Fri Dec 26 04:20:18 +0800 2025,他还是没有认识到自己的问题,消极,0.49186313422338157
5247737916031167,keiko日记,Thu Dec 25 23:43:25 +0800 2025,以前门店自己做的时候，口味比现在好吃多了。六七年前开始应该就是加工好门店加热，味道差远了，快餐的标准，卖正餐的价格，谁还去。,消极,0.1077550839616428
5247737916031167,义意有没,Thu Dec 25 23:08:28 +0800 2025,难吃还贵，服务差！,消极,0.10121928636891407
5247737916031167,juanjuanXXX,Thu Dec 25 22:15:36 +0800 2025,明辨是非？,积极,0.8457536080776691
5247737916031167,貳等學生,Thu Dec 25 21:12:07 +0800 2025,平和的柚子也都出口欧盟（ 药也打呀）// 有点太土了//,消极,0.24977862907816684
5247737916031167,不羁的逐梦者,Thu Dec 25 20:28:56 +0800 2025,又开始出来嘚瑟了,消极,0.2112469219118962
5247737916031167,我的中文名字叫凹凸曼,Thu Dec 25 18:34:01 +0800 2025,他还是不知道自己错哪了,消极,0.1929199017947667
5247737916031167,啥都不是8899,Thu Dec 25 18:14:11 +0800 2025,他还没有明白好的公关的重要性,消极,0.22046022844717855
5247737916031167,铑塔罗,Thu Dec 25 17:12:10 +0800 2025,还是这么高高在上的态度,消极,0.10316993987116288
5247737916031167,FigLover,Thu Dec 25 16:52:18 +0800 2025,加上人工成本新鲜的肯定更贵啊,消极,0.2292900801963984
5247737916031167,SoL0ve_wEi,Thu Dec 25 15:03:22 +0800 2025,用上“出口欧盟的国际标准” 国内标准就这么下作吗,消极,0.11776405536426639
5247737916031167,华删派五界盟主,Mon Dec 29 01:31:54 +0800 2025,呵呵,积极,0.5317864143667179
5247737916031167,江亭水月,Thu Dec 25 18:31:22 +0800 2025,灾难级公关,积极,0.6044847201483918
5247737916031167,SophistMilan,Thu Dec 25 13:50:06 +0800 2025,这是营销公司新手段？,消极,0.17305509393613142
5247737916031167,Romonmon,Sat Dec 27 09:41:12 +0800 2025,他的意思咱还得谢谢他能吃欧盟标准的西兰花？,消极,0.15579355402939998
5247737916031167,公子阿猫,Fri Dec 26 05:50:28 +0800 2025,公关写好稿了,消极,0.40770190587708155
5247737916031167,墙根潜伏者,Thu Dec 25 13:51:49 +0800 2025,因为没有一个他看的上的人会真对他说实话 网上声音在他看来都是不懂球,消极,0.13002383384136615
5247737916031167,三民正统在南京,Fri Dec 26 08:46:19 +0800 2025,一看就是个还没想明白问题点的老登。很多人都是这样，赚点钱以后就觉得自己能指导这个世界，如果有错，那错的是世界，不是我。,消极,0.1704185095723257
5247737916031167,Z梵天牛Z,Thu Dec 25 17:19:50 +0800 2025,纳闷这种2B脑袋还能挣钱,消极,0.10188382246846592
5247737916031167,魔理莎莎莎莎莎,Thu Dec 25 14:06:26 +0800 2025,怎么还没死透，还想打复活赛呢？,消极,0.3775802519632343
5247737916031167,by莉莉安,Thu Jan 01 21:40:30 +0800 2026,媒体和网红开始集体洗地了！假国龙这次没少花钱。,消极,0.10418589051262721
5247737916031167,青春无限1122333,Thu Jan 01 19:42:38 +0800 2026,嘴硬,积极,0.6983517665267556
5247737916031167,Intro丶STD,Thu Jan 01 09:41:35 +0800 2026,他怎么就不理解是价格问题呢？价格又贵，东西还用这种保存时间这么长的！还是没悟透！,消极,0.1199151922922492
5247737916031167,短短豚鼠,Tue Dec 30 07:56:24 +0800 2025,总结了个寂寞。说不该硬刚，结果是起诉罗太君硬刚到底。还说国家标准如何，讽刺公众认知达不到国家标准水平此人绝了，他闭嘴可以替公司省10亿公关费和广告费，他第一次就认错可以相当于省了10亿营销费，可惜这人长了一张非要说胡话的嘴,消极,0.10476215826167035
5247737916031167,晒网小鱼,Sat Dec 27 08:59:50 +0800 2025,这个人反思了半天，反思了个寂寞，他反思的都是怎么影响到了自己的生意，而不是自己做的事情，是不是坑了消费者,积极,0.7510839760054324
5247737916031167,frederic炒河粉,Fri Dec 26 21:08:14 +0800 2025,评论区好多教导主任呢“自己错哪儿了还不知道？”张口就来真是耳濡目染呢，搞死贾大口吃狠活拼好饭更香了,消极,0.4734310358405359
5247737916031167,娃娃鱼245,Fri Dec 26 17:15:26 +0800 2025,这个玩意儿还是没明白自己错哪里了。,消极,0.10275454916937975
5247737916031167,楚7chuckie,Fri Dec 26 13:34:48 +0800 2025,这货最需要做的是退休，本来大家都快忘了，又跳出来了,消极,0.10479189961592704
5247737916031167,MAX5E7EN,Fri Dec 26 10:59:04 +0800 2025,2个月用完？那存了1年的羊腿是什么东西,消极,0.10109777619983107
5247737916031167,贴地飞行F11,Fri Dec 26 09:41:28 +0800 2025,老罗吐槽对于贾国龙来说本应一手能打上天双赢好牌，但被他和二子华打个稀烂。,消极,0.4754648108174869
5247737916031167,Archdaily官微,Fri Dec 26 09:32:53 +0800 2025,又出来自己给自己伤口撒盐了，网上消失是最好的良药，naive,消极,0.1024524690940678
5247737916031167,泊言Klaus,Fri Dec 26 08:36:27 +0800 2025,但说西兰花这一点。。直接市场采购还便宜不做。偏偏要锁鲜??其实我不太喜欢预制菜这个词。过于笼统。贾就是不明白顾客。不是不吃预制菜。是你卖那么贵又说是现做现炒的。结果还都是预制的。真的还不如必胜客那种工厂洋餐厅,消极,0.1130061230255361
5247737916031167,Simple绒毛牛牛,Fri Dec 26 07:30:28 +0800 2025,又开始圆上了，你人品已经败光了,消极,0.10160052364432837
5247737916031167,宁列,Fri Dec 26 07:09:31 +0800 2025,来公关了。,积极,0.5520720904817864
5247737916031167,城南一琥,Fri Dec 26 05:19:34 +0800 2025,隔几天，西贝就捅自己一刀,消极,0.18126859298707224
5247737916031167,兰兰兰200507,Fri Dec 26 03:28:29 +0800 2025,这一脸的匪气,消极,0.1010958211329799
5247737916031167,胡子的奥卡姆,Fri Dec 26 02:05:04 +0800 2025,其实还是在嘴硬，还是不老实,消极,0.10341669845161111
5247737916031167,罗伯特苦命版,Fri Dec 26 01:31:53 +0800 2025,评论区笑得我，拿苍蝇馆新鲜现做的来说事，这个西贝的卫生状况菜品质量就算再差，能差的过所谓新鲜现做的苍蝇蚊子馆？卫生状况就不说了，那些蚊子馆又用了那些预制菜甚至回收菜你们都知道吗,消极,0.10094387491648288
5247737916031167,Luscent,Thu Dec 25 22:59:17 +0800 2025,还是老样子，没救了,消极,0.10984049321405769
5247737916031167,hyathrun,Thu Dec 25 22:11:53 +0800 2025,他们八块钱的采购定价，也是关联公司内部分配利润的安排吧，你们公司想把利润留在哪个环节不就留在哪个环节么,消极,0.3728523356831118
5247737916031167,沧桑老农01,Thu Dec 25 20:53:03 +0800 2025,原来你们制定预制菜标准的时候耍的什么心眼自己不知道啊,积极,0.7437192277628384
5247737916031167,今朝梦醒无梦楼,Thu Dec 25 19:36:50 +0800 2025,差点被一个网络流氓毁掉,消极,0.11214974840134918
5247737916031167,henry99a,Thu Dec 25 19:00:51 +0800 2025,哥们就是学不会闭上那张嘴啊,消极,0.18125485870198754
5247737916031167,vivi0205boyz,Thu Dec 25 18:32:13 +0800 2025,我从未见过如此厚颜无耻之人,消极,0.10157015111807519
5247737916031167,小风筝你快乐飞,Thu Dec 25 18:29:36 +0800 2025,西贝的真正问题是在急于上市的背景下，遇到罗永浩这事，背后一合计，通过此事打下罗永浩的同时把西贝各种食品安全、中央厨房预处理不等于预制的概念一并输出给公众，一箭双雕。其忽略了老罗的战斗力，也忽略了公众认为的预制与法律法规的预制是两个概念。公众不需要你普法，公众要的是有灵魂的食物。,消极,0.11459494329782269
5247737916031167,郑乃子,Thu Dec 25 18:24:24 +0800 2025,还在嘴硬,消极,0.17662822311554505
5247737916031167,各种y喵喵喵y,Thu Dec 25 18:23:20 +0800 2025,每当我觉得要原谅西贝的时候，老贾就跳出来惹人烦。,消极,0.11671750815043834
5247737916031167,连城聖愿,Thu Dec 25 18:17:14 +0800 2025,又开始帮洗了,消极,0.1015197412395367
5247737916031167,奔跑在夏日里,Thu Dec 25 17:10:58 +0800 2025,回应个啥啊，装死这个事就过去了。爱吃稀贝的还是爱吃，基本盘又不会变。预制菜的店选择那么多，不会去吃的永远都不会去吃。你说你回应个啥，真是公关灾难,消极,0.11524178232976748
5247737916031167,天眼看世界2026,Thu Dec 25 15:53:31 +0800 2025,这是认错吗？这是句句贬低别人抬高自己，想着一雪前耻！,消极,0.1010637031926341
5247737916031167,by莉莉安,Thu Dec 25 15:52:57 +0800 2025,贾国龙至始至终都没有认错，即便到现在老贾也不承认他的西贝是预制菜！他不是认错，只是认怂！消费者不吃他的预制菜了，跑来卖惨认怂而已！ ​​​你有个屁中央厨房，不就是每个供货商采购的吗？,消极,0.11207328392765092
5247737916031167,天眼看世界2026,Thu Dec 25 15:45:10 +0800 2025,贾国龙：但西贝不可能完全脱离中央厨房，如果全部环节都由门店现做，那么管理难度会急剧扩大，食品安全的风险会大幅增加，食品安全是底线。” 餐饮行业不出在中央厨房，门店做出来的东西就没食品安全保障了？你的中央厨房的东西又安全保障在哪里？建议食药监严查吧！,积极,0.8777534112691228
5247737916031167,三轮天尊64316,Thu Dec 25 15:34:36 +0800 2025,洗地的好多啊，贾老板这钱没白花,消极,0.19618320092118957
5247737916031167,stwdlll,Thu Dec 25 15:23:50 +0800 2025,闭嘴吧老登,消极,0.19159438511436927
5247737916031167,笨兔和赖猫,Thu Dec 25 15:22:36 +0800 2025,“西兰花是冷冻的原料，但我在门店现煮，这就不是冷冻菜。”，人得要点脸吧,消极,0.10496337005770305
5247737916031167,笨兔和赖猫,Thu Dec 25 15:21:14 +0800 2025,还口嗨呢，谁爱谁吃吧，我是彻底拉黑这货了,消极,0.1021888241772694
5247737916031167,bb8787,Thu Dec 25 15:08:03 +0800 2025,他脑子里想的都是怎么多开店，怎么在越省事的基础上越赚钱,消极,0.4691830766605989
5247737916031167,一介布衣123,Thu Dec 25 15:04:47 +0800 2025,本来这事儿慢慢就过去了，非得出来再自杀一回,消极,0.27872399310474216
5247737916031167,晋中堂,Thu Dec 25 15:01:19 +0800 2025,就算完全是预制菜都行，问题你有预制菜的价格吗？别说你搞成这样，是为了顾客好，成本大，所以价格高。你收这么高的价格，那就请做好现炒的菜品。一个后厨厨师证都没几个，你说你是现炒的？,消极,0.11093593237060252
5247737916031167,一刀的温柔啦,Thu Dec 25 14:50:17 +0800 2025,又活了,积极,0.8911373499856637
5247737916031167,天眼看世界2026,Thu Dec 25 14:36:44 +0800 2025,有新鲜的便宜的西兰花顾客不吃，吃你极速锁鲜两年的，价格贵好几倍的，顾客是傻还是有病？还说什么农药无残留，哪个菜自己说有农药残留？,消极,0.10213748620294559
5247737916031167,心学圣地一众人,Thu Dec 25 14:26:00 +0800 2025,还花钱做广告说自己多委屈，他不出现不让我讨厌就好了。,积极,0.8774054338583284
5247737916031167,永远的鹤鹤,Thu Dec 25 14:17:59 +0800 2025,2025年还有一个这种认知的老板，西贝还没死我是不理解的,消极,0.13431234244038412
5247737916031167,化做一粒尘,Thu Dec 25 14:14:33 +0800 2025,今年发生的系列魔幻事件，让我更加坚定的对我们的祖先五体投地啦！什么叫：夏虫不可语冰？！什么叫对牛弹琴？！什么叫掩耳盗铃？！什么叫王顾左右而言他？！,积极,0.8934042977761948
5247737916031167,沉默的囧瘦马,Thu Dec 25 14:06:46 +0800 2025,极速锁鲜有机无农残西兰花，棒👍,积极,0.8991726866592671
5247737916031167,誠實可靠的小狼君,Thu Dec 25 14:04:51 +0800 2025,病危级公关,积极,0.5402670889833217
5247737916031167,我不是肥我是长得壮,Thu Dec 25 14:00:03 +0800 2025,这人面相看起来好像个黑社会啊,消极,0.24928603255747372
5247737916031167,回忆录供应链YY,Thu Dec 25 13:59:19 +0800 2025,安安静静的做生意，不要再在网络上出现，才是最大的正确，因为原本就成为厌恶性人物了（粗粮公司老总、爱国者CEO、颜色衣服大叔）那样，出来说每一句话公众都会产生厌恶,积极,0.8019151044293267
5247737916031167,RexHu饺子,Thu Dec 25 13:56:11 +0800 2025,笑死，预制菜行业标准就是你们定的，不是你们想怎么写就怎么写么，学的不都是西方玩行业垄断的手段，真以为大家不知道啊,消极,0.13667743968928062
5247737916031167,watney2015,Thu Dec 25 13:54:49 +0800 2025,又来自杀一次........你每个城市的中央厨房在那里????,消极,0.45546596346232204
5247737916031167,释尊4670,Thu Dec 25 13:53:09 +0800 2025,员工：你可闭嘴吧，再说下去顾客就要求拿我们的原料去检测了,消极,0.10927224487288179
5247737916031167,蔡袅三号机,Thu Dec 25 13:51:39 +0800 2025,牛逼，他还敢出来说话说明西贝凉的不够快,消极,0.20994029302382555
5247737916031167,宝贝whc,Thu Dec 25 13:51:36 +0800 2025,又开始自鲨了吗？,消极,0.1161248395202208
5247757474334944,bobisaman,Fri Dec 26 05:28:51 +0800 2025,总之，我今后肯定不会光顾西贝了,消极,0.1059315161066432
5247757474334944,浪漫一生796,Thu Dec 25 23:28:40 +0800 2025,是国人对预制菜的认知出了偏差,消极,0.20417174304247893
5247757474334944,微博时事,Thu Dec 25 15:32:34 +0800 2025,看了媒体的这个长篇报道。感觉被互联网狠狠教训了的贾国龙和西贝还是挺真诚的。,消极,0.3459163306351911
5247757474334944,上升的幸运热气球,Thu Dec 25 15:19:36 +0800 2025,一开始这个态度，大家根本吵不起来。,消极,0.4465868905532915
5247757474334944,用户7496194128,Thu Dec 25 15:11:43 +0800 2025,感谢我罗哥,积极,0.6335690415991962
5247757474334944,流汗黄豆meme,Thu Dec 25 15:07:54 +0800 2025,老胡中肯,积极,0.8421662964721804
5247757474334944,哆啦酱_可心最喜欢我,Thu Dec 25 15:34:00 +0800 2025,老胡说的真棒,消极,0.372758373445253
5247757474334944,甜奶茶-冬莲,Thu Dec 25 18:26:00 +0800 2025,满大街的炸串臭豆腐科技狠活，还不如西贝那些看得见的菜品面食。,消极,0.13417515554901266
5247757474334944,大大嗡嗡嗡,Thu Dec 25 16:54:48 +0800 2025,认为用了预制菜价格就必须便宜的人长点脑子好么,消极,0.4126633712408164
5247757474334944,o爱意不加冰o,Thu Dec 25 16:42:40 +0800 2025,老胡说说姜昆,积极,0.8640052685361411
5247757474334944,有来有去1900,Thu Dec 25 15:47:37 +0800 2025,西贝是被网剧流氓陷害了，老胡的说法有问题,消极,0.10197449332484416
5247757474334944,坚持早上锻炼身体,Thu Dec 25 15:46:16 +0800 2025,西贝会越来越好的,积极,0.6130541135935459
5247757474334944,怪才老顽童2020,Thu Dec 25 15:27:36 +0800 2025,圈里圈外都要有错就改，改了就有前途。,积极,0.8575077608314388
5247757474334944,memory_cookie,Fri Dec 26 07:20:09 +0800 2025,这事儿的本质是预制菜吗？是诚信,消极,0.10173528624377562
5247757474334944,輝兔空間_,Fri Dec 26 06:58:41 +0800 2025,不是互联网的错吧，典型转移矛盾点，自己不实事求是才是关键吧,消极,0.10497917078606203
5247757474334944,喜欢自驾的追风者,Thu Dec 25 22:46:54 +0800 2025,西贝能不能活，得看态度，看认真整改的行动，而不是因他是头部企业就可以宽恕。经济是重要，就业也重要，但品质和信用更重要。以诚经商，不仅是一种美德，更是一个底线。,消极,0.24995978275123443
5247757474334944,飞飞爸520,Thu Dec 25 22:44:26 +0800 2025,说实在西贝真的不错，比很多馆子干净，而且服务很好,积极,0.8217161242460065
5247757474334944,星火曜人生,Thu Dec 25 22:39:52 +0800 2025,这个是文字采访，不是现场问答，经过集体讨论以及公关检查的，真诚在哪？,积极,0.6873487292375217
5247757474334944,大理罗会才,Thu Dec 25 18:57:44 +0800 2025,58岁贾国龙第一次知道什么叫老登我们的批评不应该是为了打倒企业，企业背后是无数的就业岗位！,消极,0.19747901322553058
5247757474334944,180是我最后的执着,Thu Dec 25 16:58:03 +0800 2025,真看了这篇采访的才能看出老贾这次摆了多大歉意，对不起仨字恨不得都刻脑门上了,积极,0.50467223821488
5247757474334944,天道无间36,Thu Dec 25 20:34:35 +0800 2025,博主，作为西贝的常客，网红对于西贝以“预制菜”为抓手开刀，是不理性的。如果要提升中国餐饮业的食品营养安全的法治建设，需要每日每刻的持续努力、而不是抓住头部餐饮企业搞一场运动，就结束了，这样就算把一个优质企业搞垮了（西贝不是没有改善空间）也不会解决“预制菜”的关键问题。,消极,0.1820086760460572
5247757474334944,我是段得志,Thu Dec 25 19:39:12 +0800 2025,我感觉可以的，不容易,积极,0.8103961979368364
5247757474334944,漫长的季节太短暂,Thu Dec 25 16:04:47 +0800 2025,支持西贝！,消极,0.44218082910042544
5247757474334944,小貝殼公園,Thu Dec 25 15:17:12 +0800 2025,老胡说的对👍,消极,0.15664709815361544
5247757474334944,鼎泰皮业,Thu Dec 25 16:57:11 +0800 2025,一开始硬刚，会不会华与华出的主意,消极,0.4423451075705884
5247757474334944,程云辉上工治未病,Thu Dec 25 22:52:45 +0800 2025,打倒预制菜,消极,0.4290929189169674
5247757474334944,用户7491544417,Thu Dec 25 22:09:46 +0800 2025,我觉得反思了这么多天，还是没想明白！,积极,0.5642791683722066
5247757474334944,沙龙小胖,Thu Dec 25 21:29:04 +0800 2025,到底也没解释为啥西贝又贵又不好吃！也没反省为啥请了个二货咨询推广公司。,消极,0.10239773359644605
5247757474334944,叶孤城一飞仙一剑,Thu Dec 25 18:42:35 +0800 2025,从来没吃过西贝，以后也不会吃,消极,0.1032901042603401
5247757474334944,焱冒三丈,Thu Dec 25 18:21:57 +0800 2025,应该真诚的感谢罗永浩。,积极,0.7195303428379276
5247757474334944,从新开始202307,Thu Dec 25 18:15:21 +0800 2025,预制菜还卖那么贵特别主打儿童餐，难道就只是批评就完事了？,消极,0.11451055914658635
5247757474334944,费劲的小马甲,Mon Dec 29 12:43:28 +0800 2025,大家路子歪了吧，从头到尾都不是在指摘西贝是预制菜，核心点一直是西贝的价格和品质不相符,消极,0.10554189026627016
5247757474334944,OMDYDD,Sun Dec 28 15:21:47 +0800 2025,还是喜欢你那股桀骜不驯的样子,积极,0.7848957920366161
5247757474334944,陳巨基V,Sat Dec 27 19:37:05 +0800 2025,包括老胡在内，短时间各路人马在2026来临之际，给他流量！！,积极,0.8651106201961994
5247757474334944,扳撕折,Sat Dec 27 08:17:09 +0800 2025,能认错就好，挺好！,消极,0.4268322387234029
5247757474334944,shinepanda75,Sat Dec 27 05:34:53 +0800 2025,从回答中可以看出，贾老板还是不服，还是感觉自己没错，都是舆论和罗永浩的错，而不是他西贝单价高，偷换概念。事实上，把价格回归到预制菜的水平，它品控还是可以的，西贝价格不过是价值回归了,积极,0.5930612251536445
5247757474334944,你呈现,Fri Dec 26 19:42:15 +0800 2025,原谅老贾吧，经济不好，社会多点宽容。,消极,0.1297149724171298
5247757474334944,LLLIKETHESUN,Fri Dec 26 14:26:06 +0800 2025,其实我觉得他用硬刚也不对,积极,0.5136371685705199
5247757474334944,清闲散淡人,Fri Dec 26 13:04:28 +0800 2025,第二条，错在开放厨房，这是典型的认罪不悔罪。就好比小偷让警察抓了，不反省自己的罪恶，反而只是后悔自己的偷术不高明。所以说，真的能哪里跌倒哪里爬起来么？,消极,0.3675215690443764
5247757474334944,李侠东,Fri Dec 26 11:52:17 +0800 2025,这段话写得有水平,消极,0.10142898393291427
5247757474334944,宁静的夏天SZ,Fri Dec 26 10:10:27 +0800 2025,他家的菜确实像预制菜，确实贵啊。前几周去吃还是一样的,消极,0.12216904625097194
5247757474334944,刀魂剑魄,Fri Dec 26 10:02:23 +0800 2025,老贾说的很实在，心态很好，面对风波，谁也不是圣人，一点错不出。希望西贝越来越好吧,积极,0.8824680854261061
5247757474334944,汤海龙北京,Fri Dec 26 09:43:37 +0800 2025,意思是在预制菜跌倒在预制菜上爬起？,消极,0.12435063331295092
5247757474334944,矛矛盾盾2496,Fri Dec 26 09:03:02 +0800 2025,相比其他，在能力范围内，我还是支持西贝,积极,0.7778147648298841
5247757474334944,左撇子笑,Fri Dec 26 08:52:39 +0800 2025,你看看贾国龙，再看看华与华，这个世界真的是一个巨大的草台班子……,消极,0.277900365429803
5247757474334944,沧海秀才,Fri Dec 26 08:37:53 +0800 2025,见识到流量的威力了吧！ 网红也要守规矩，一不小心也会被反噬的。,积极,0.6108829490207001
5247757474334944,你的选择不错R666,Fri Dec 26 08:16:39 +0800 2025,说的中肯,积极,0.8775740712257175
5247757474334944,渔火_74965,Fri Dec 26 08:01:34 +0800 2025,改变了什么？什么都没改变,消极,0.10812365652145621
5247757474334944,天眼看世界2026,Fri Dec 26 07:55:57 +0800 2025,老胡怎么看？,消极,0.13842504084855167
5247757474334944,阿彻家,Fri Dec 26 07:08:46 +0800 2025,没有做好准备，让厨师面对媒体，自己各个自己添堵。确实是因为傲慢使然,消极,0.13269330931224732
5247757474334944,神鑫太饱,Fri Dec 26 04:58:45 +0800 2025,市场反馈越来越差，不好吃还贵才是原罪，“小贵”生态位要和自己的做菜水平用餐环境相匹配。,消极,0.22841508481021677
5247757474334944,喵小贱大人,Fri Dec 26 02:56:25 +0800 2025,老贾终于肯不再呈口舌之快直面问题了，西贝或许还有一线生机,积极,0.7105205224737006
5247757474334944,用户8jm34a75q1,Fri Dec 26 01:41:15 +0800 2025,永远不吃西贝,积极,0.6990264134279442
5247757474334944,锐克百毒不侵,Thu Dec 25 22:57:19 +0800 2025,开放厨房是错误,积极,0.511912597305411
5247757474334944,用户6567262078,Thu Dec 25 21:31:29 +0800 2025,西贝的菜的味道：包括菜量：品质：服务员提供的服务可以说很nice。价格也不贵：希望西贝越来越好,积极,0.8939655129746171
5247757474334944,胖旋风_yoyohoho,Thu Dec 25 20:18:17 +0800 2025,换公关了吗？华与华没干了？,积极,0.5504154049570644
5247757474334944,老史的海洋饼干,Thu Dec 25 19:50:23 +0800 2025,回复,消极,0.3698251538894617
5247757474334944,子非鱼很乐,Thu Dec 25 19:38:45 +0800 2025,嗯嗯,积极,0.864043688427239
5247757474334944,无人的海边,Thu Dec 25 19:11:26 +0800 2025,主要是他一开始太高调，现在稍微想明白了。不过江山易改本性难移，希望西贝好好发展,积极,0.641355301887964
5247757474334944,智旗邵军,Thu Dec 25 19:08:59 +0800 2025,老胡这一评论写得好，我们的批评不是为了把一家头部餐饮企业打倒并埋葬，而是帮它更健康，与时俱进。,积极,0.8652614922516051
5247757474334944,loretta0206,Thu Dec 25 19:07:45 +0800 2025,主要是贵而且不好吃，不是预制的问题其实,消极,0.21901397291272795
5247757474334944,天机苦海神灯,Thu Dec 25 19:05:53 +0800 2025,酒店可以用预制菜但要跟顾客首先说明，酒店不能以预制菜充当酒店高价菜。,消极,0.11261272077598429
5247757474334944,教育人文,Thu Dec 25 18:24:07 +0800 2025,把人家好心捐赠的鉴定为赝品且低价转卖给他人，是对捐赠者的侮辱，良心大大地坏了,消极,0.10981381197350001
5247757474334944,六指翁,Thu Dec 25 18:11:10 +0800 2025,能真反思也是好的。,积极,0.8416839550238819
5247757474334944,杨关道YGD,Thu Dec 25 17:23:27 +0800 2025,知错能改，善莫大焉。,积极,0.5305429890897813
5247757474334944,马文6,Thu Dec 25 17:21:20 +0800 2025,胡兄又心软啦,消极,0.49537798607393313
5247757474334944,不爱我你爱谁,Thu Dec 25 17:11:55 +0800 2025,那么多开放厨房的餐馆，都开得好好的。就你西贝厨房不能开放？,消极,0.16832205049560361
5247757474334944,珞珈阿牛哥,Thu Dec 25 16:56:53 +0800 2025,他居然说开放厨房是个错误,消极,0.318059368231472
5247757474334944,DKDK2024,Thu Dec 25 16:52:06 +0800 2025,把那个公关公司换掉了吧,消极,0.4888351074989423
5247757474334944,王老真人,Thu Dec 25 16:50:43 +0800 2025,麦当劳，金拱门，品质越来越差。,消极,0.13040844841616414
5247757474334944,车间大拿,Thu Dec 25 16:46:08 +0800 2025,预制菜没问题，把价格匹配上就行,积极,0.8551924290739521
5247757474334944,云南SUN666,Thu Dec 25 16:38:35 +0800 2025,预制菜就是预制菜，说清楚就好了,积极,0.5168630164149818
5247757474334944,偉363385972,Thu Dec 25 16:26:56 +0800 2025,我是不会去吃了,消极,0.1023565613445344
5247757474334944,离人陌客,Thu Dec 25 16:22:02 +0800 2025,支持,积极,0.5295207419174517
5247757474334944,OldTrafford扫地僧,Thu Dec 25 16:16:10 +0800 2025,怎么长的像黄渤,积极,0.7590262334196979
5247757474334944,用户6423644840,Thu Dec 25 16:14:09 +0800 2025,被互联网教训，这不准确，罗某代表不了网络界。,消极,0.10335116340440441
5247757474334944,叫大爷yyy,Thu Dec 25 16:01:49 +0800 2025,西贝的菜一吃就知道是几乎无添加剂的和自家炒的差不多不油不咸，带小孩出门吃饭很适合，看看自家冰箱哪个没冻鱼冻肉特别是老年人能翻出放一二年的，有冷冻配料正常，那种用各种乱七八糟你不知道的调料配的东西炒出菜贼香好吃但吃了不放心,积极,0.8997131566489571
5247757474334944,sunownever,Thu Dec 25 15:57:41 +0800 2025,还嘴硬呢，说什么冷冻菜，加热后就不是冷冻菜了，真可笑,消极,0.10567397410617257
5247757474334944,诚实的男人199903,Thu Dec 25 15:41:56 +0800 2025,支持老胡,积极,0.8685628478882791
5247757474334944,睡谷REX,Thu Dec 25 15:32:32 +0800 2025,罗永浩的行为确实和黑社会无异，仗着流量霸道的很。确实不能惹，要躲着。,消极,0.16249548125433058
5247757474334944,一瓶晃荡的小陈醋,Thu Dec 25 15:26:28 +0800 2025,这个采访里他是真诚的,积极,0.8102638382144619
5247757474334944,陆百列,Thu Dec 25 15:25:54 +0800 2025,受伤的客人就这么被打发了！,消极,0.10286109647836192
5247757474334944,laotongwb,Thu Dec 25 15:25:10 +0800 2025,不希望西贝倒，希望它越做越好，牛肉就得吃大块现煮的带骨牛肉。,积极,0.6430738357878454
5247757474334944,陈向东广东,Thu Dec 25 15:22:50 +0800 2025,懂得反省已经很不错了,积极,0.8466585784088494
5247757474334944,人老白鹿原-123,Thu Dec 25 15:16:05 +0800 2025,又贵又不好吃,消极,0.31198149318126533
5247757474334944,骑行2050,Thu Dec 25 15:07:54 +0800 2025,少做预制菜，主打健康非预制菜，一定可以起死回生的,积极,0.7536963440081763
5247757474334944,陌蝶雪痕,Thu Dec 25 17:36:08 +0800 2025,看得出来打击得不轻，肢体语言表现出来整个人都是蜷缩的，没反省的人不是这个状态,消极,0.3882382512845588
5247757474334944,Kvier,Thu Dec 25 17:29:31 +0800 2025,网友当初骂西贝有多狠，现在盯整改就有多严，客流和口碑都要重新攒，西贝现在是使出浑身解数自救，这也无可厚非,积极,0.5598671030069937
5247757474334944,亦只希希,Thu Dec 25 17:22:05 +0800 2025,赞成，能做到头部，必然不是一无是处，我甚至觉得相反，闹了这么大也没见有人爆出大事，甚至本来以为会有很多客诉或者员工抱怨，结果都没有，只有跟风讨伐……,消极,0.17061096878016674
5247757474334944,妮可由美,Thu Dec 25 17:12:16 +0800 2025,比起跟风帖子还是喜欢这种真正能带动思考的，跟风黑没意义，让餐饮做的更符合大众才是辩论的目的,积极,0.8719637086881932
5247757474334944,史小煮,Thu Dec 25 16:39:36 +0800 2025,面对批评，贾国龙现在展现的真诚与反思姿态，值得肯定。作为大餐饮企业，在争议中坚守核心价值、寻求健康发展，这次值得肯定。,积极,0.8882285071515525
5247757474334944,看吉林,Thu Dec 25 19:59:56 +0800 2025,西兰花保质期两年，还是给儿童吃的，舔脸说是欧盟标准。这又是欺骗消费者,消极,0.10168226702419467
5247757474334944,JuliaTsang,Fri Dec 26 08:21:00 +0800 2025,但我怎么觉得这，回应，感觉还是觉得自己委屈，自己没错，只是错在让大众知道了,消极,0.21488123604528653
5247757474334944,甜心思思_,Thu Dec 25 17:35:15 +0800 2025,舆论监督对企业是压力也是动力，凡事都有个度，就看老贾和西贝这次能不能挺住了,积极,0.577578579249814
5247757474334944,月亮香槟和巧克力,Thu Dec 25 17:35:14 +0800 2025,，wish better world peaceful ! 🎄🎄,积极,0.7012773379853684
5247757474334944,月亮香槟和巧克力,Thu Dec 25 17:34:00 +0800 2025,🎄🎄,消极,0.4229618892419005
5247757474334944,星小喻,Thu Dec 25 17:24:02 +0800 2025,不跟消费者犟了，看着顺眼多了。,积极,0.8767604016117275
5247757474334944,凉夏遇繁花,Thu Dec 25 17:10:40 +0800 2025,消费降级让消费者对西贝这种主打“高端”的品牌本能产生排斥，这也是市场的选择，趁这个机会转换赛道未必不是好事,积极,0.6446757401549604
5247757474334944,春色明丽,Thu Dec 25 17:09:40 +0800 2025,这就是一场被公众盯着的“自我革命”，鼓励和批评的声音一定都会有，期待西贝能交出一张及格的考卷吧,消极,0.29700136991264114
5247757474334944,落樱缤纷花满径,Thu Dec 25 17:08:41 +0800 2025,看问题要辩证的看，起初西贝会闹这么大也只是因为老贾管不住嘴，后面才开始上纲上线的,消极,0.23924489740635335
5247757474334944,敏敏的小宝贝儿,Thu Dec 25 17:05:22 +0800 2025,企业犯错不可怕，就怕装聋作哑，老贾起初虽然傲慢，但看现在认错这一步都迈出来了，以后应该也不会有这么大的坎儿了,消极,0.18993719100014306
5247757474334944,桑帅168,Thu Dec 25 16:59:18 +0800 2025,陷入舆论漩涡就是要付出比平时百倍的努力才能逃脱，西贝这100天的一系列动作已经打动了很大一部分人，尽显诚意了，现在就是尽人事听天命了,消极,0.3621586411325978
5247757474334944,就抽个卡,Thu Dec 25 16:41:04 +0800 2025,人教人学不会，事教人，一次会。,消极,0.10943625192638372
5247757474334944,书木者,Thu Dec 25 15:52:34 +0800 2025,真不真诚并不是靠一次访谈，一篇报道就可以看出来的。,消极,0.11778205543949984
5247757474334944,日见云波,Thu Dec 25 20:42:06 +0800 2025,你的帐号,消极,0.234517880129389
5247757474334944,L9885,Thu Dec 25 18:27:57 +0800 2025,认错就好。我觉得洗白不算差的,消极,0.40933419922411074
5247757474334944,Capt_Jackdaw,Thu Dec 25 17:45:43 +0800 2025,凉了,消极,0.48040552083694976
5247757474334944,遥遥领先021,Thu Dec 25 16:04:44 +0800 2025,没说对不起罗永浩、另外他应该感谢的是小米,积极,0.7079828756402122
5247757474334944,用户_7842000852,Thu Dec 25 15:50:39 +0800 2025,圣诞节快乐，老胡,积极,0.796046464954452
5247757474334944,隔壁老K主任,Thu Dec 25 15:48:12 +0800 2025,斗胆问一句,消极,0.463813465655209
5247757474334944,只想看看热闹,Thu Dec 25 15:09:37 +0800 2025,西贝在哪里跌倒的，是菜品问题还是不懂网络喷子的问题？,消极,0.10304962761602621
5247757474334944,xsxhgf,Fri Dec 26 18:59:21 +0800 2025,西贝算好的了。,积极,0.8776495121828816
5247757474334944,北京大爷在鹏城,Thu Dec 25 15:54:53 +0800 2025,西贝是家优秀的企业，一直喜欢西贝，今后还会一如既往的支持。罗永浩是个很难控制自己情绪的人，借西贝的事给自己蹭流量，纯属不地道，应该被世人唾弃。,积极,0.6801908814335548
5247757474334944,老周周简评,Thu Dec 25 15:57:08 +0800 2025,大家都是预制菜，枪口对准了西贝。象棋录音门，买棋卖棋的枪口对准了王天一。。这么一个道理，枪打出头鸟，太优秀了。,消极,0.3221952146253484
5247757474334944,afredchb2006,Wed Dec 31 11:36:00 +0800 2025,但凡西贝买到萨莉亚的价位，别人也不会说啥,消极,0.25647178109490765
5247757474334944,用户6006694434,Sat Dec 27 21:15:01 +0800 2025,老胡连发两篇贾国龙预制菜事件，有原因吗？大家说说！！！看了老胡的文章让更多的人又想起了贾国龙和西贝，哈哈哈，这对甲国龙和西贝是好事还是坏事呢？是不是提醒大家不要忘记？,积极,0.8483474497246789
5247757474334944,不务正业的小刘他宝贝,Sat Dec 27 12:17:29 +0800 2025,吃西贝放心,积极,0.7775110618190524
5247757474334944,重剑无锋大巧不工-雨隹云龙,Fri Dec 26 09:52:42 +0800 2025,只要对顾客真诚，都会被原谅,消极,0.33534705591335817
5247757474334944,乐观的秋水长天200,Fri Dec 26 07:24:00 +0800 2025,不容易的，老贾加油啊，谁不会犯错呢？对于真诚有原则，有手底线的人，我们社会要给予宽容,积极,0.8097728860390362
5247757474334944,在太空吹气球的狐狸,Fri Dec 26 07:23:54 +0800 2025,以前吃西贝，现在难吃的狠，点个羊肉串外卖，半冷不熟的，外表热内肉凉，吃一口就吐了，从此再也不消费西贝r,消极,0.10089272730655291
5247757474334944,大A中不溜儿韭菜,Fri Dec 26 05:32:28 +0800 2025,123……胡桑！,消极,0.15979056588782767
5247757474334944,浪浪山孤单单,Thu Dec 25 22:58:00 +0800 2025,老胡说得好：“围绕预制菜的复杂争议也不应用一家企业的命运来祭旗。我们的批评不是为了把一家头部餐饮企业打倒并埋葬，而是帮它更健康，与时俱进。”,积极,0.8349623396237803
5247757474334944,李磊LILEILEI,Thu Dec 25 20:58:18 +0800 2025,以前经常定西贝，但后来就不喜欢了，质量标准偏差太大，分量也差距极大，说明对质量控制严重不足，这是事实。,消极,0.11843072678040326
5247757474334944,男拳爸爸,Thu Dec 25 19:58:48 +0800 2025,大家快去吃啊，不能让这么正直的企业家受这么长的委屈，受这么大的损失,积极,0.5362042679507596
5247757474334944,Am-Yin,Thu Dec 25 17:17:47 +0800 2025,能做到这个体量西贝绝对是有可取之处的，是，有些地方做的不尽人意，但也别因噎废食,积极,0.887817452602647
5247757474334944,凌晨的下弦月,Thu Dec 25 17:07:49 +0800 2025,拿西贝祭旗也没意义，如果要反对预制菜，那就要看整个餐饮行业，如果要反对老贾的傲慢，看了这个采访也都能看到他诚恳认错的态度，总不会有人一门心思就想给西贝搞s吧,消极,0.2921895974929013
5247757474334944,eowynforever99,Thu Dec 25 16:02:44 +0800 2025,反正现在我去别的城市都优先吃西贝,积极,0.8821062098722479
5247757474334944,邹佳木,Thu Dec 25 15:57:20 +0800 2025,一份炒鸡蛋卖48元，呵呵,消极,0.10852634446173388
5247757474334944,garfieldcs15,Thu Dec 25 15:50:31 +0800 2025,西贝味道和价格相比，只能说性价比一般。胜在比较干净吧，所以我现在也经常点点西贝外卖,消极,0.4405681413813447
5247757474334944,三才人为首,Thu Dec 25 15:42:16 +0800 2025,西贝不应该倒！担负着那么多人的就业和地方税收呢！再说了，大体上也没什么问题啊，如果倒闭了，倒是确实证实了“网络黑社会”的说法,积极,0.7349063971273182
5247757474334944,用户7311041246,Thu Dec 25 15:29:32 +0800 2025,完全可以考虑引入摩尼教 儒教这些主张多子多福的宗教缓解人口问题,积极,0.8234938485941257
5247757474334944,冰块熟成雪菲力,Thu Dec 25 15:14:30 +0800 2025,其实挺有意思，因为网络黑子，开了个作战大会。 因为预制菜，发现了两岁的西兰花。 现在还有人在评论区说什么21块的馒头，你out了知道不。 如果馒头的话题能一直打，为什么会频繁更换目标？ 而现在所有的负面影响，都得上一次央视来正本清源。,消极,0.2576615413991219
5247757474334944,小夏的池塘有鱼也,Wed Dec 31 11:26:34 +0800 2025,西贝在市场和社会中展现出的真诚和反省精神令人钦佩。预制菜领域的复杂争论不应成为一家企业命运的祭旗。,积极,0.8899917680757425
5247757474334944,幸运群群,Fri Dec 26 19:32:37 +0800 2025,【淘宝】7天无理由退货 网页链接 CZ028 「DONO'S DIARY成长日记宠物纸尿裤狗狗生理裤母狗姨妈巾公狗尿不湿」 点击链接直接打开 或者 淘宝搜索直接打开,消极,0.1058726165313721
5247757474334944,星空中安静的鱼,Thu Dec 25 19:36:15 +0800 2025,不要脸的老罗！,消极,0.10875442503212362
5247757474334944,光邑之钥,Thu Dec 25 18:05:56 +0800 2025,老胡说得对，记得报税的时候别忘了这些角落里的别忘了报哈，挣钱不寒颤,积极,0.8908122148959847
5247757474334944,林游牧,Thu Dec 25 17:32:17 +0800 2025,说明西贝有特色，喜欢的食客很多。//,积极,0.8916807600459947
5247757474334944,致敬胡必成,Thu Dec 25 17:30:32 +0800 2025,拉倒吧，南方周末的狗们,消极,0.11808113434972449
5247757474334944,热忱狮子耕种,Thu Dec 25 17:07:39 +0800 2025,只有向罗永浩认错才能辨别是否认错，其他都是曲线救钱。,消极,0.2371414945089526
5247757474334944,苏欣56,Thu Dec 25 16:45:09 +0800 2025,真诚？从你嘴里吐出来恶心人！,消极,0.10074150850085885
5247757474334944,用户7513990208,Thu Dec 25 16:43:13 +0800 2025,西贝敢这么做，全国各地饭馆敢这样大张旗鼓的做预制菜，这不仅仅是个人素质不高觉悟不高。,消极,0.10143825432357406
5247757474334944,Prettttttttty,Thu Dec 25 15:18:46 +0800 2025,南方周末也是个垃圾营销媒体！甚至还不如西贝的名声好！,消极,0.10135041441165708
5247757474334944,米兰甲壳虫,Thu Dec 25 15:16:03 +0800 2025,SB南方周末,消极,0.3711697613624203
5247757474334944,注册不如封得快,Thu Dec 25 15:11:58 +0800 2025,他应该学项立刚，与姓罗的刚到底。,消极,0.273101977035631
5247757474334944,霖兮雪绮,Mon Dec 29 23:58:53 +0800 2025,臭了，回不去了,消极,0.10068292294624256
5247757474334944,陆南晏,Mon Dec 29 14:44:10 +0800 2025,有的企业，倒了也好~,消极,0.45110765710198564
5247757474334944,用户6670734938,Sun Dec 28 21:35:58 +0800 2025,还是这么多西贝的水军。看来真没吸取教训。不知道能不能撑得过明年？,积极,0.6983874220510643
5247757474334944,用户6006694434,Sat Dec 27 21:16:54 +0800 2025,这是西贝的专场吗，哈哈哈哈。,积极,0.882273388490205
5247757474334944,第二辆老式雷鸟车,Sat Dec 27 16:30:17 +0800 2025,狗都不吃,积极,0.530699539562059
5247757474334944,草地大魔王啊,Sat Dec 27 13:09:00 +0800 2025,当你不知道站在哪边的时候，站在老胡对面肯定没错,积极,0.89325322379689
5247757474334944,jmcrafts,Sat Dec 27 09:51:33 +0800 2025,全是赞的，收钱了？,消极,0.13933523394643704
5247757474334944,不会起名的鬼饭,Sat Dec 27 07:40:39 +0800 2025,我看完这个新闻稿只想说，贾国龙不重要，西北也不重要，草原上多一个和老婆养羊的一般人老登很重要,积极,0.6136368194660463
5247757474334944,高大宝2015,Fri Dec 26 21:53:49 +0800 2025,人到了二十岁以后，明白新道理就要靠挨揍了，五十岁以后的，要挨更狠的揍,消极,0.12058976667781976
5247757474334944,云泥之尘,Fri Dec 26 16:03:26 +0800 2025,预制菜吃多了脑残的,消极,0.10326681801228141
5247757474334944,白云U,Fri Dec 26 13:18:29 +0800 2025,他原来是不是以为他挺牛的？不好好认错，1年就得倒闭,消极,0.16440712493504017
5247757474334944,云上高原YSGY,Fri Dec 26 12:44:45 +0800 2025,老胡收代言费没有？,积极,0.7176882885671404
5247757474334944,立早粑粑,Fri Dec 26 09:24:44 +0800 2025,贾国龙不过是老登们的一个缩影总觉得成功完全靠自己现在市场来教育这些老登们了主要原来的市场太好混了,消极,0.23425183737095645
5247757474334944,CYRMQZ001,Fri Dec 26 08:40:33 +0800 2025,捧别人臭脚！老胡第一人。一个连自己企业搞成啥样子都不知道的老板，忽悠消费者这么长时间，用得着铺天盖地给他洗白？,消极,0.10248527629855203
5247757474334944,xqxqxq555,Fri Dec 26 07:49:58 +0800 2025,支持贾老板，鄙视罗太君！,消极,0.1359517469482532
5247757474334944,言拾牛肉,Fri Dec 26 05:49:15 +0800 2025,关键是 ipo 闹的，控制欲望很关键，包括胡总,消极,0.4984084141603006
5247757474334944,莱芒湖的跑步者,Fri Dec 26 00:42:32 +0800 2025,真诚个der，之前的嘴脸已经暴露得淋漓尽致了，黑心商家。别洗了。,消极,0.10340020227403635
5247757474334944,田之力,Fri Dec 26 00:25:15 +0800 2025,到底是互联网狠狠教训了西贝，让它惊醒了？还是我们亲爱的胡总编为它遮风挡雨，感动了它？,积极,0.7850979015480363
5247757474334944,瘦风皱水,Thu Dec 25 23:50:56 +0800 2025,我支持西贝把预制菜卖进千家万户的厨房，而不是西贝自己的厨房,积极,0.5018002194509363
5247757474334944,Mike88592,Thu Dec 25 23:49:51 +0800 2025,夜壶炒股发财了// 胡说,积极,0.5872703721879589
5247757474334944,愿所愿皆所得xr,Thu Dec 25 22:51:30 +0800 2025,哪里看见真诚了 不是罗永浩 永远都是那个吊样,积极,0.7303407209943998
5247757474334944,Mike88592,Thu Dec 25 22:33:49 +0800 2025,夜壶标点符号都是假的// 老胡说说姜昆,消极,0.10187123711486401
5247757474334944,Mike88592,Thu Dec 25 21:50:28 +0800 2025,老胡房子马上涨三倍了// 老胡中肯,积极,0.8946384870163456
5247757474334944,2050退休,Thu Dec 25 21:29:49 +0800 2025,接触社会多年yihouq搞餐饮的99%都是垃圾，有水平的要么去搞技术要么搞投资，没水平没能力没创意的只能搞餐饮。但凡有一个体制内的去跨行搞餐饮，秒杀90%的餐饮人。,积极,0.6514026831282337
5247757474334944,阿福_200311,Thu Dec 25 21:17:05 +0800 2025,胡说,消极,0.12581324394831875
5247757474334944,霜叶红于二月花111,Thu Dec 25 19:50:53 +0800 2025,贾国龙把西贝关了，回家享清福不香么？这么折腾干嘛？,消极,0.1261680016580128
5247757474334944,yhg2002,Thu Dec 25 19:43:49 +0800 2025,真诚？呵呵呵,积极,0.7532547539993288
5247757474334944,梦溪听语,Thu Dec 25 19:21:49 +0800 2025,胡锡进，你是双面刷。,消极,0.1466265440972272
5247757474334944,十里清禾_冬眠mode关闭失败,Thu Dec 25 19:17:31 +0800 2025,爱卖不卖，爱吃不吃，闲得慌,消极,0.26646176448835757
5247757474334944,于大邋遢,Thu Dec 25 19:07:29 +0800 2025,采访没提到华与华和西贝之间的合作啊,积极,0.8863036155815763
5247757474334944,社会打工人儿,Thu Dec 25 18:54:18 +0800 2025,现在很多五星级酒店周末推出早茶任点任食点心餐，客单价才百十来块钱。有的酒店甚至是工作日中午也提供。某些人去吃西贝装逼，完全就是一场滑稽的智商秀。贾国龙的确需要好好反省。,消极,0.41576823544553176
5247757474334944,TheMarvelousWen,Thu Dec 25 18:33:49 +0800 2025,你不怼回去？,消极,0.1073542918230192
5247757474334944,光锥之外9890,Thu Dec 25 18:28:22 +0800 2025,哪有人会屈服于真理，只不过都是为了钱。,消极,0.34939168998333725
5247757474334944,莫斯科的红莓花,Thu Dec 25 18:18:33 +0800 2025,图片评论,消极,0.48318372156689904
5247757474334944,冬日搬砖人,Thu Dec 25 18:11:59 +0800 2025,坚守、祭旗……这些词用在这儿就是放屁！,消极,0.10102668050931232
5247757474334944,大儿mio,Thu Dec 25 18:10:51 +0800 2025,被包养就别谈什么独立人格了。,消极,0.10789280040029867
5247757474334944,理搪丁棍,Thu Dec 25 18:05:02 +0800 2025,收了多少钱，你也帮着洗,消极,0.10668412431382861
5247757474334944,PMLeadership,Thu Dec 25 17:58:36 +0800 2025,叼盘发这一条至少能从西贝拿几十万好处费吧？,消极,0.48335076120779374
5247757474334944,wr三奇才,Thu Dec 25 17:58:05 +0800 2025,骗人的餐馆，不值得同情,消极,0.10050047217332995
5247757474334944,木边花,Thu Dec 25 17:57:07 +0800 2025,老胡假装也懂餐饮经营,消极,0.13184411559625175
5247757474334944,东北第四宝,Thu Dec 25 17:55:51 +0800 2025,安眠药是最无辜的，本来踏踏实实做事，虚心接受大众的监督和批评，肯定不用吃药,消极,0.2921132567168113
5247757474334944,龙之女儿女儿,Thu Dec 25 17:53:44 +0800 2025,贾国龙永远是真诚的，只是那个不讲道德的打击良心企业！,消极,0.10449906224240027
5247757474334944,杨太婆的小篦子,Thu Dec 25 17:36:51 +0800 2025,哪儿都有你，全国人民把你当什么你心里有数的。,积极,0.6329169028193178
5247757474334944,仲轲的天空,Thu Dec 25 17:18:26 +0800 2025,西贝的问题其实就是这个老板的问题，根本上是老板的人品问题，曾经有一些场合，这个老总不可一世，他认为无关紧要的人物，不会正眼，甚至眼皮都不会抬起的，这样的本性能认识到他自己的问题吗,消极,0.12700821952843946
5247757474334944,genius_ray,Thu Dec 25 17:07:26 +0800 2025,还是没学会闭嘴,消极,0.10580964085296131
5247757474334944,真有五把刀,Thu Dec 25 17:06:27 +0800 2025,居然说错误是开放厨房，原来是想造假不承认啊,消极,0.11917196699379831
5247757474334944,繁花画似锦,Thu Dec 25 17:00:51 +0800 2025,这次被打击的不轻，再过几年都退休的年纪被网络教化了一通，只能说是不破不立吧,消极,0.12316435985695472
5247757474334944,西九龙的港片,Thu Dec 25 16:54:33 +0800 2025,老胡收了多少？没感觉服务提升多少，品质提升多少，价格实惠多少，还是一个字坑！,消极,0.10050546963738251
5247757474334944,慧慧和她的姐姐,Thu Dec 25 16:47:10 +0800 2025,西贝不是被互联网教训，是被网络黑社会勒索,消极,0.10082129855527479
5247757474334944,冷色暖光,Thu Dec 25 16:35:44 +0800 2025,老胡也接公关文啊？多少钱发这么一篇？10 万要不要？ 记得申报纳税哦！,积极,0.732771306297289
5247757474334944,踏浪之道,Thu Dec 25 16:29:54 +0800 2025,老胡收费了。还头部？,消极,0.10683012087731915
5247757474334944,长安真迷人,Thu Dec 25 16:29:37 +0800 2025,无良奸商,消极,0.1054319379631741
5247757474334944,一如既往保持乐观,Thu Dec 25 16:26:07 +0800 2025,就像你当初拿公款旅游一样，现在照样混的风生水起,积极,0.8747982751056156
5247757474334944,鱼香基丝,Thu Dec 25 16:20:13 +0800 2025,被工人阶级消费者打服了的资本家,积极,0.509428927656154
5247757474334944,Jeff369258,Thu Dec 25 16:18:16 +0800 2025,狗咬你，你不能去咬狗啊,消极,0.10941568035087969
5247757474334944,曲项向天歌aaa,Thu Dec 25 16:07:39 +0800 2025,网络黑社会的说法很经典啊，何错之有？,消极,0.16343315814251258
5247757474334944,我才是楚度,Thu Dec 25 16:01:25 +0800 2025,他的核心是错了吗？他的核心是我不该让顾客亲眼看到自己被骗了，这样就圆不回来了。我觉得这样的西贝日后会更坑,消极,0.10175996089323168
5247757474334944,反腐败不加V,Thu Dec 25 15:53:56 +0800 2025,预制菜本身没有对错！问题是你是否明示自己供应的包含预制菜，并且是否足够把握菜品的质量！一个是健康为前提，一个是选择归他人！,消极,0.23244086802561725
5247757474334944,解放北平,Thu Dec 25 15:51:51 +0800 2025,老胡的外孙儿如果吃了几年保质期的🥦，还认为真诚吗？,消极,0.10709402271566504
5247757474334944,天眼看世界2026,Thu Dec 25 15:47:42 +0800 2025,老胡收了老贾多少分成？如此之🐶,消极,0.10641817360609417
5247757474334944,大发9235,Thu Dec 25 15:44:11 +0800 2025,换公关了？一百多天的老登天翻地覆不一样了，不可思议,消极,0.20610574927213954
5247757474334944,FF从不喝奶茶,Thu Dec 25 15:26:34 +0800 2025,说白了也是明白了实在刚不过，这才转变,消极,0.255786466787287
5247757474334944,老老老黄牛,Thu Dec 25 15:25:28 +0800 2025,理都不要理那个太君,消极,0.10347301506980523
5247757474334944,达尔文启示录,Thu Dec 25 15:23:13 +0800 2025,老胡……今天普天同庆，让我们齐唱《我和我的祖国》,积极,0.598027137198099
5247757474334944,两人余,Thu Dec 25 15:20:01 +0800 2025,顺跌倒不妥。就是被陷害！,消极,0.10208198286596266
5247757474334944,赖后翊,Thu Dec 25 15:18:27 +0800 2025,不是不硬杠，而是跟谁硬杠？跟自媒平台的亲儿子在自媒平台上硬杠，这是嫌自己死得慢啊！,消极,0.1018402532336907
5247757474334944,搞咩嘢啊哈,Thu Dec 25 15:17:51 +0800 2025,这让车界祥林嫂好孤单呢,积极,0.8477755087092305
5247757474334944,笨猪202102,Thu Dec 25 15:15:16 +0800 2025,俺们就喜欢吃地沟油 你能咋滴,消极,0.1114889718230186
5247757474334944,就爱酒爱,Thu Dec 25 15:14:28 +0800 2025,太君必招报应。,积极,0.7601630554097056
5247757474334944,山葱来六金,Thu Dec 25 15:14:09 +0800 2025,老胡每日指点江山,积极,0.8042922558947595
5247757474334944,西单路口男,Thu Dec 25 15:14:01 +0800 2025,那是他真遇到难处了，过几天恢复如初，又要开始得瑟了,消极,0.28462723093233533
5247757474334944,锦1尉,Thu Dec 25 15:12:09 +0800 2025,真诚？搞这样,消极,0.10227255016702297
5247757474334944,尤文加油1987,Thu Dec 25 15:11:01 +0800 2025,这种玩意和真诚沾边吗？当年那个揍性这么快就忘了？,消极,0.10152894974793272
5247757474334944,Chtholly-,Thu Dec 25 15:09:51 +0800 2025,真诚不是因为他知道错了，而是意思到自己要死了,积极,0.5738443243789817
5247757474334944,腊腊0110,Thu Dec 25 15:09:14 +0800 2025,终于服软了，馒头才卖21元。,消极,0.10392298649757467
5247757474334944,用户7951167585,Thu Dec 25 15:08:15 +0800 2025,还嘴硬,消极,0.22642637693560186
5247805493084602,醍醐o,Thu Dec 25 18:42:50 +0800 2025,能认识到错误就好！贾国龙认识到了4个错误,消极,0.1629997003563868
5247805493084602,扬帆赴山海,Thu Dec 25 18:39:01 +0800 2025,终于回应了,积极,0.6668979071279978
5247805493084602,追光的大脸猫,Thu Dec 25 18:38:12 +0800 2025,一起来看看,积极,0.8792500492530536
5247805493084602,喜欢追逐黄昏,Thu Dec 25 18:37:12 +0800 2025,感觉这样也挺好的,积极,0.657222330624245
5247805493084602,Sn雪舞倾城,Thu Dec 25 18:36:32 +0800 2025,我是很少关注这些,消极,0.21512932853779243
5247805493084602,小傲宇,Thu Dec 25 18:33:50 +0800 2025,这个看看就行了,积极,0.7868289065506474
5247805493084602,呢202003,Thu Dec 25 18:30:22 +0800 2025,终于承认了,消极,0.4870254100454503
5247805493084602,满满six,Thu Dec 25 18:20:13 +0800 2025,果然，真诚才是必杀技,消极,0.43139892969001037
5247805493084602,一蚊鸡喔,Thu Dec 25 18:18:34 +0800 2025,不错，知错就改,积极,0.6360934250173159
5247805493084602,五色斑斓的世界,Thu Dec 25 18:18:16 +0800 2025,看来是用心在做,积极,0.8825950090785938
5247805493084602,蜗牛星的蜕变,Sat Dec 27 11:45:46 +0800 2025,那这个有好多的错误了,消极,0.18010373498989973
5247805493084602,超级小牙吖,Fri Dec 26 00:11:22 +0800 2025,现在认识到了还不晚哦,积极,0.5047081945292233
5247805493084602,咯的123,Fri Dec 26 00:00:24 +0800 2025,方法是不错的呢,积极,0.7375810355079266
5247805493084602,暮泺L徐,Thu Dec 25 23:52:44 +0800 2025,现在知道错了啊,消极,0.4617995444071056
5247805493084602,装进秋天的温柔,Thu Dec 25 21:52:26 +0800 2025,能认错也是好的,积极,0.6403848467190982
5247805493084602,阿甘奇遇记,Thu Dec 25 21:08:46 +0800 2025,看完觉得西贝这次是真下决心做体验升级，不是简单打价格战,积极,0.8968057774553131
5247805493084602,亲我一口爱呀,Thu Dec 25 20:47:08 +0800 2025,我还没吃过这家,积极,0.5069400868584154
5247805493084602,平凡普通的美好生活,Thu Dec 25 20:27:20 +0800 2025,以诚相待，未来会走的更远,积极,0.7361358883097893
5247805493084602,青石长阶青丝,Thu Dec 25 20:07:08 +0800 2025,这个和我无关,消极,0.10568750956398387
5247805493084602,波士顿铁匠,Thu Dec 25 19:55:10 +0800 2025,希望能亲民的哦,积极,0.618864229912333
5247805493084602,早晚认真刷牙,Thu Dec 25 19:23:27 +0800 2025,别骄傲，谦虚诚恳一点儿，海阔天空,积极,0.8726998649302488
5247805493084602,幸运的土豆923,Thu Dec 25 19:20:12 +0800 2025,知错就改才是最重要的,积极,0.6660171879550489
5247805493084602,幸运的土豆923,Thu Dec 25 19:19:40 +0800 2025,赢得消费者的心才是最重要的,积极,0.7813735015927051
5247805493084602,不服输的小鲤鱼,Thu Dec 25 19:13:31 +0800 2025,态度很诚恳，我感觉可以。降价、涨薪、食安公开、后厨透明这一系列不论对消费者还是在西贝上班的打工人，都非常的不错。,积极,0.8960919959229414
5247805493084602,超级小牙吖,Thu Dec 25 18:21:04 +0800 2025,看戏就行现在认错,消极,0.20961320782614318
5247805493084602,我是Liutian,Thu Dec 25 18:18:49 +0800 2025,还是很有魄力的,积极,0.663285069125871
5247805493084602,暮泺L徐,Thu Dec 25 18:18:35 +0800 2025,没热度了出来认错啊,消极,0.11592474740402206
5247805493084602,彗星落兜里了,Thu Dec 25 18:17:50 +0800 2025,敢于承认错误就很好了。,积极,0.7945696155976094
5247805493084602,逍刃,Mon Dec 29 15:54:12 +0800 2025,承认错误，认真整改,消极,0.3884397208154837
5247805493084602,qiqi爱吃火锅,Fri Dec 26 19:18:09 +0800 2025,承认了就好，也要改正,消极,0.47818182609303717
5247805493084602,方圆有度shi无度,Fri Dec 26 05:53:18 +0800 2025,这还得看看他能不能做到！,积极,0.7171785789463258
5247805493084602,落日Lucky_,Thu Dec 25 23:26:57 +0800 2025,知错就改，希望是真的改,积极,0.64386717683592
5247805493084602,做好自己tp,Thu Dec 25 20:47:45 +0800 2025,希望得到改善,积极,0.731979384422857
5247805493084602,直悟朱,Thu Dec 25 20:29:08 +0800 2025,一起学学贾国龙,积极,0.6279084246923077
5247805493084602,叶子zhz,Thu Dec 25 20:13:27 +0800 2025,不怎么关注这个,消极,0.23852822699709295
5247805493084602,唐心甜甜t,Thu Dec 25 19:55:57 +0800 2025,确实是这样的,积极,0.7928466518403298
5247805493084602,一条小小锦鲤啊,Thu Dec 25 19:15:22 +0800 2025,吃了亏了这是,消极,0.16213454629965757
5247805493084602,天山雪莲qxl,Thu Dec 25 19:08:26 +0800 2025,终于认识到错误。,消极,0.2693025569476488
5247805493084602,lover勇敢的心,Thu Dec 25 19:00:01 +0800 2025,我不关注这些,消极,0.14126474465077155
5247805493084602,寧静致逺v,Thu Dec 25 18:53:14 +0800 2025,吃个瓜就好,积极,0.8941691495049582
5247805493084602,老朱和小周,Thu Dec 25 18:52:51 +0800 2025,确实需要巨大的勇气,消极,0.16722038854941307
5247805493084602,无限撼之星,Thu Dec 25 18:45:56 +0800 2025,原来如此啊,积极,0.8165202548106691
5247805493084602,陌生的友好_,Thu Dec 25 18:44:41 +0800 2025,终于抓住餐饮业的本质差异了吗？,积极,0.52572027025617
5247805493084602,不要紧山野都有雾灯N_,Thu Dec 25 18:44:20 +0800 2025,餐饮业竞争这么激烈，确实要注意,积极,0.5878279071673915
5247805493084602,如沐春风自由如海,Thu Dec 25 18:44:02 +0800 2025,必须要去承认错误,消极,0.43964391247583234
5247805493084602,1874_守候,Thu Dec 25 18:43:39 +0800 2025,坦诚反思自己就对了。,积极,0.8095674943588165
5247805493084602,懒羊羊的茄子,Thu Dec 25 18:39:03 +0800 2025,赶快来了解一下,积极,0.5843063491238354
5247805493084602,自由翱翔,Thu Dec 25 18:38:00 +0800 2025,再了解点干货,积极,0.7605488572278887
5247805493084602,富贵的柿子,Thu Dec 25 18:26:30 +0800 2025,贾国龙沉默百天的专访太敢说，把责任全揽自己身上了,消极,0.13428454552194596
5247805493084602,夜色沉入海里,Thu Dec 25 18:24:39 +0800 2025,也是认真起来了,消极,0.4291509713704613
5247805493084602,生椰拿铁半半糖,Thu Dec 25 18:22:56 +0800 2025,确实是这样,积极,0.6443440280298575
5247805493084602,笑对风雨听秋声,Thu Dec 25 18:22:29 +0800 2025,及时改正值得点赞,积极,0.5998222090801875
5247805493084602,爱上翡翠的大玉儿,Thu Dec 25 18:21:39 +0800 2025,要严格监督,消极,0.3968647776328197
5247805493084602,蜜蜡思密达,Thu Dec 25 18:19:47 +0800 2025,未来可期啊,积极,0.8816326076359587
5247805493084602,小喇叭滴滴chui,Thu Dec 25 18:18:59 +0800 2025,相信会发展的越来越好,积极,0.5208828804623522
5247805493084602,锦鲤护体早退休,Thu Dec 25 18:18:44 +0800 2025,值得错了就行,积极,0.8751991407501493
5247805493084602,这一年你欧了吗,Tue Dec 30 16:32:33 +0800 2025,这个真不错,消极,0.10569090602813605
5247805493084602,十九二十一二,Mon Dec 29 11:31:54 +0800 2025,认清错过，这是很好的勇气,积极,0.8790676020174288
5247805493084602,深呼吸lx,Sat Dec 27 18:17:03 +0800 2025,勇于面对坦然接受,消极,0.4593564005432995
5247805493084602,多会能回来,Sat Dec 27 12:11:26 +0800 2025,这确实是的,积极,0.6458105084443361
5247805493084602,子涵沐女,Fri Dec 26 22:53:43 +0800 2025,食品安全最重要，不能马虎,积极,0.505244371356551
5247805493084602,沐然子柒,Fri Dec 26 22:44:38 +0800 2025,食品安全不能容忍，西贝改了不少,消极,0.1067250027804261
5247805493084602,Axe戈,Fri Dec 26 18:17:22 +0800 2025,行动比话语更有分量,积极,0.5372109353534256
5247805493084602,瞧坐瞧有米,Fri Dec 26 17:14:03 +0800 2025,没有去吃过,积极,0.8347023934477079
5247805493084602,顺薪如亿A,Fri Dec 26 16:38:51 +0800 2025,来看看怎么回事,积极,0.5043732028098277
5247805493084602,这是一个悲伤的早上,Fri Dec 26 16:01:25 +0800 2025,可以哈，思维非常超前,积极,0.8945048324416348
5247805493084602,我爱你添珍,Fri Dec 26 15:21:29 +0800 2025,感觉他的理念，我非常赞同,积极,0.893189692383487
5247805493084602,小甜心202306,Fri Dec 26 14:13:31 +0800 2025,说的是的了,消极,0.1182383877241451
5247805493084602,科技不可说,Fri Dec 26 13:59:58 +0800 2025,知错能改就好,积极,0.8773388664615709
5247805493084602,小羊星巴乐Z,Fri Dec 26 13:52:21 +0800 2025,贾国龙认错 勇气可嘉啊,积极,0.792439655687852
5247805493084602,数码加几个好,Fri Dec 26 13:24:03 +0800 2025,感觉这个人非常有智慧,积极,0.898179302224392
5247805493084602,秋冬九尾,Fri Dec 26 13:09:17 +0800 2025,及时改正错误,积极,0.7925918530645504
5247805493084602,删了5000多条,Fri Dec 26 13:04:49 +0800 2025,不错哦，可爱的老板,积极,0.8762437937271926
5247805493084602,醉笑要赚米,Fri Dec 26 12:54:11 +0800 2025,贾国龙认识到了4个错误 承认错误是好事，重点的是要改进，每个人都会犯错，但你不应该在当时这样去回答公众的质疑，首先你有没有合法合规的运用这些东西。,积极,0.6591078965524503
5247805493084602,开心宝贝欧气锦鲤,Fri Dec 26 10:26:00 +0800 2025,认识到了，就好,积极,0.8302361189858061
5247805493084602,梧桐树下好乘凉05,Fri Dec 26 10:22:09 +0800 2025,真不错加油,积极,0.8193524003608701
5247805493084602,爱美兔子乖乖,Fri Dec 26 10:19:43 +0800 2025,谢谢分享的,积极,0.5767638176432343
5247805493084602,凌月轩轩轩,Fri Dec 26 00:54:17 +0800 2025,也就是嘴上功夫,消极,0.10257901198495087
5247805493084602,欧皇少年LG,Thu Dec 25 23:51:17 +0800 2025,默默看戏了,积极,0.8720117776211765
5247805493084602,菠萝包子密,Thu Dec 25 22:30:30 +0800 2025,看看热闹吧,积极,0.5825605829505577
5247805493084602,一串糖葫芦111,Thu Dec 25 22:21:07 +0800 2025,越做越好,积极,0.7059013622794851
5247805493084602,栩栩如生凤凰,Thu Dec 25 21:02:05 +0800 2025,知错能改挺好，看西贝接下来怎么用行动证明吧,积极,0.7708993904125236
5247805493084602,重来依旧如此,Thu Dec 25 20:54:07 +0800 2025,这样的及时改正值得点赞,积极,0.7193888733518434
5247805493084602,解释的表达不如缄口,Thu Dec 25 20:35:52 +0800 2025,说的太对了,积极,0.6735332399192089
5247805493084602,财来好运来来来来,Thu Dec 25 20:25:44 +0800 2025,勇于改变才有未来,积极,0.8285036676961794
5247805493084602,超级小苛ya,Thu Dec 25 20:04:30 +0800 2025,现在知道错了不晚哦,积极,0.5894840350571485
5247805493084602,月半子_努力减肥ing,Thu Dec 25 19:37:56 +0800 2025,希望知错就改啊,消极,0.4060307253077603
5247805493084602,阴天0066,Thu Dec 25 19:29:10 +0800 2025,可以支持一下,积极,0.892914678742116
5247805493084602,焦糖Q玛奇朵,Thu Dec 25 19:22:09 +0800 2025,来了解一下,积极,0.7055625308110507
5247805493084602,初初的小甜喵,Thu Dec 25 19:22:03 +0800 2025,敢于承认就好了,积极,0.7330389305458539
5247805493084602,追梦的白,Thu Dec 25 19:21:53 +0800 2025,知错就改很重要,消极,0.4621458651591176
5247805493084602,迷失冰雨想见你,Thu Dec 25 19:21:43 +0800 2025,敢于承认挺好的,积极,0.5588893653433843
5247805493084602,梨树己开花,Thu Dec 25 19:13:38 +0800 2025,希望改了错误就好,积极,0.858375913711464
5247805493084602,孙聪伟JaySun,Thu Dec 25 19:11:56 +0800 2025,贾国龙认识到了4个错误,消极,0.11829737060860838
5247805493084602,风铃逢夜,Thu Dec 25 19:08:27 +0800 2025,确实需要勇气,积极,0.8817090362863184
5247805493084602,讨厌吃海苔z,Thu Dec 25 19:08:25 +0800 2025,知错能改 格局打开了,积极,0.8205908591467989
5247805493084602,冬天的雪34513,Thu Dec 25 19:08:01 +0800 2025,原来是这样。,消极,0.10368804574114003
5247805493084602,喝不尽杯中酒-20,Thu Dec 25 19:07:30 +0800 2025,知错就改，下次注意,积极,0.5796306258183478
5247805493084602,锦锂快乐时光,Thu Dec 25 19:06:08 +0800 2025,承认错误改了就好,积极,0.6511934866459341
5247805493084602,风花雪月遇知己,Thu Dec 25 19:05:37 +0800 2025,一起来看一下。,积极,0.7393590634096455
5247805493084602,晴天雨天明天,Thu Dec 25 19:04:05 +0800 2025,现在认识到了立马改进吧,消极,0.4977716743982
5247805493084602,一只树莓味的蛋挞,Thu Dec 25 18:52:31 +0800 2025,确实承认错误就好,积极,0.5945011024496125
5247805493084602,冬风云,Thu Dec 25 18:50:41 +0800 2025,之前不是很厉害的啊,积极,0.679556980288362
5247805493084602,爱吃螺蛳粉啊,Thu Dec 25 18:50:39 +0800 2025,核心逻辑的服务,积极,0.5347540907766671
5247805493084602,快乐君君呀koo,Thu Dec 25 18:50:05 +0800 2025,没吃过西贝,积极,0.5532919366771694
5247805493084602,亲爱的等遍所有绿灯2,Thu Dec 25 18:45:23 +0800 2025,有自我革新的勇气啊，点赞,积极,0.8690513825225935
5247805493084602,温暖如光sunshine,Thu Dec 25 18:42:32 +0800 2025,一定要敢于承认,消极,0.15644700750557305
5247805493084602,津硕宝贝欧气满满,Thu Dec 25 18:40:28 +0800 2025,知道错了就改,积极,0.7249631095782234
5247805493084602,欲书相思墨未浓,Thu Dec 25 18:40:13 +0800 2025,说得有道理,积极,0.8590688916055825
5247805493084602,明天再见099,Thu Dec 25 18:39:21 +0800 2025,贾国龙认识到了4个错误 不容易算有部分结果,积极,0.5140396233266188
5247805493084602,我-爱-鱼-香-肉-丝,Thu Dec 25 18:35:30 +0800 2025,都是为了赚钱而已,消极,0.11352810859662586
5247805493084602,AK65KG,Thu Dec 25 18:26:17 +0800 2025,能认识到就不错,消极,0.4514382900415399
5247805493084602,春日遇梦,Thu Dec 25 18:24:45 +0800 2025,这样的态度好棒,积极,0.8805475052756379
5247805493084602,Mr__Yn,Thu Dec 25 18:19:33 +0800 2025,没真正认识到错误吧,消极,0.12396862475648167
5247805493084602,路边要阳光,Thu Dec 25 18:18:28 +0800 2025,有错能改善莫大焉,消极,0.4039813936921455
5247805493084602,孙少白-,Thu Dec 25 18:18:15 +0800 2025,可以的，认识到错误就行,积极,0.6838183326763101
5247805493084602,翻斗突击手壮壮妈,Thu Dec 25 18:18:08 +0800 2025,敢于承认就行,积极,0.7172883757902155
5247805493084602,我嘞个豆767,Thu Dec 25 18:17:47 +0800 2025,不仅要改过自新 而且要严格监督,消极,0.19376244986489966
5247805493084602,沛璇也是佩奇呀,Thu Dec 25 18:55:13 +0800 2025,事到如今没必要争论预制菜的概念了，老贾也发现了，还是要站在顾客的视角考虑问题,积极,0.832997660691035
5247805493084602,小小可爱car,Thu Dec 25 18:33:50 +0800 2025,就冲他没找借口没卖惨，就大刀阔斧给店面整改，这份坦荡就值得点赞,消极,0.4460662241409381
5247805493084602,繁花似锦觅消停car,Thu Dec 25 18:31:03 +0800 2025,之前都说他飘了，没想到现在真低头认错了，还带着实打实的整改方案，这份真诚我收到了,积极,0.8909954426668293
5247805493084602,崽赚的盆满钵满,Fri Dec 26 12:27:00 +0800 2025,勇于认错就是好的,积极,0.7738339158756503
5247805493084602,治愈系me,Thu Dec 25 21:06:38 +0800 2025,所谓人非圣贤孰能无过知错能改善莫大焉呀,积极,0.6469713353062729
5247805493084602,豪宅的一天,Thu Dec 25 20:10:57 +0800 2025,现在认识到了错误也不晚哦,消极,0.4584708503812379
5247805493084602,德玛西亚皇敌,Thu Dec 25 19:01:00 +0800 2025,现在知道错了也是好事情,积极,0.5183908197187548
5247805493084602,yzliudian,Thu Dec 25 18:20:31 +0800 2025,努力改进还是挺不错的,积极,0.6993114775763416
5247805493084602,咘咘狗323,Thu Dec 25 19:53:36 +0800 2025,真是不好说了,消极,0.11545447483206864
5247805493084602,不想熄灭的蜡烛,Thu Dec 25 22:17:29 +0800 2025,承认错误并改正，不仅需要勇气，更需要智慧和决心,积极,0.758020666108871
5247805493084602,蜡笔小新野原风间,Thu Dec 25 21:17:47 +0800 2025,认识到错就行了,积极,0.8140097841696644
5247805493084602,是我的吗111,Thu Dec 25 20:53:58 +0800 2025,现在认识到了还不错哦,积极,0.720765235411136
5247805493084602,旺仔拿铁来一杯,Thu Dec 25 20:14:10 +0800 2025,敢于面对，改正，就是对的,积极,0.7729379892427574
5247805493084602,薄荷蜜橙车,Thu Dec 25 18:32:35 +0800 2025,西贝这三个月的改动都搞得很大，阳光厨房、降价、代金券……但我觉得更重要的是管理者能开诚布公的谈及自己的过错，并且让人看到诚意，就因为这个，原谅一次又何妨,积极,0.5791023540866377
5247805493084602,爱上鱼的老鹰,Fri Dec 26 18:42:24 +0800 2025,还好没去试过,积极,0.7228447362854041
5247805493084602,禹禹顺心心,Thu Dec 25 21:12:47 +0800 2025,能够知错就改 也是值得原谅的,积极,0.7042554693683201
5247805493084602,葫芦丽莎,Thu Dec 25 21:00:01 +0800 2025,能够深度自我剖析，改正很重要,积极,0.6135074933484731
5247805493084602,哪吒大闹天宫3,Thu Dec 25 20:12:19 +0800 2025,真是认识到错误了,消极,0.10246717195257117
5247805493084602,青春ai篮球,Thu Dec 25 19:50:22 +0800 2025,看来是认识到错误了，得好好反省,消极,0.4013029213675729
5247805493084602,只复饱每个月能换绑一次,Thu Dec 25 19:09:08 +0800 2025,认错可以的,消极,0.28244959433636563
5247805493084602,hello23world,Thu Dec 25 19:06:14 +0800 2025,知错就改就好,积极,0.8900122080458033
5247805493084602,ENTP的上岸,Thu Dec 25 18:52:51 +0800 2025,硬汉老板被舆情冲懵了，之前的傲慢一点没有，现在不光谦虚，还有点怯懦了：别骂了快别骂了,消极,0.143833763923625
5247805493084602,淡淡的勾画曾经,Thu Dec 25 18:39:35 +0800 2025,对于这样能够改正错误值得点赞,积极,0.8310548574054337
5247805493084602,继往开来气浩然,Thu Dec 25 18:35:03 +0800 2025,承认错误就好！,积极,0.6452391315026489
5247805493084602,泥蝶67,Thu Dec 25 18:17:44 +0800 2025,像这样的还真是很少见了我只能说值得肯定,积极,0.869744099167292
5247805493084602,无产阶级白日梦想家,Thu Dec 25 19:02:18 +0800 2025,去过几次，服务挺好，菜品贵了点,积极,0.7347986723141844
5247805493084602,独来独往的大脸猫,Thu Dec 25 18:18:32 +0800 2025,还是不懂网络,消极,0.10586595488194835
5247765969896964,I_like_RyanGosling,Thu Dec 25 16:42:31 +0800 2025,哭穷娱乐！,消极,0.3805753268065466
5247765969896964,请注意保密,Thu Dec 25 15:51:08 +0800 2025,你干嘛不直接买冷冻货,消极,0.2139256846874531
5247765969896964,-长桥卧波,Thu Dec 25 16:02:23 +0800 2025,装货娱乐,积极,0.896840202140632
5247786316729127,耿向顺,Thu Dec 25 17:04:12 +0800 2025,如果一道菜成本是五块，定价15，那用预制菜顾客也不一定有意见，但成本五块的预制菜，你按现炒菜，卖50，顾客可能接受不了。,消极,0.2152133911541536
5247786316729127,萌图表情包小仙女,Thu Dec 25 17:10:02 +0800 2025,成功了，有钱了，飘了,消极,0.1409007865757569
5247786316729127,大熊的哆啦A梦789,Thu Dec 25 17:09:01 +0800 2025,还是吃火锅比较好，没有预制菜,积极,0.6280202005321485
5247786316729127,考清华好呢还是考北大好呀,Thu Dec 25 17:08:25 +0800 2025,把预制菜当现炒菜卖且卖的很贵才是根本啊,消极,0.10375587566084506
5247786316729127,考清华好呢还是考北大好呀,Thu Dec 25 17:07:53 +0800 2025,吃预制菜没问题，但是安全卫生和知情权都要有，而且价格不能太贵,消极,0.19105084412956502
5247786316729127,我只是个小狗狗,Thu Dec 25 17:05:03 +0800 2025,太对了,积极,0.7601322372504
5247786316729127,墨抑不染,Thu Dec 25 17:02:53 +0800 2025,他根本没意识到自己有问题,消极,0.10538676026338527
5247786316729127,乐不乐也思蜀,Fri Dec 26 12:33:09 +0800 2025,人性的本质就是，你说他不对的时候他都会想方设法狡辩，就是那些认错的也一定是迫于形式的。,积极,0.796133717238584
5247786316729127,随和的laurali,Fri Dec 26 09:27:29 +0800 2025,以前我去西贝也压根不在意它们的价格的。上周带小孩去店里吃饭，点餐时认真看一下，才发觉它家菜品的定价是真的贵，不是一点点贵。一小锅莜莜面要卖四十多，里面只加番茄酱和小量小番茄等…作为汤底来煮的面，一条肉丝也没有。消费者不傻的，心里都会一把称。值不值钱包会去投票,消极,0.1015878592881442
5247786316729127,皆为freedom,Thu Dec 25 23:38:45 +0800 2025,贾又在和稀泥，避重就轻,消极,0.11373525687812837
5247786316729127,原子废铁龙,Thu Dec 25 21:12:04 +0800 2025,这种🐶资本家不值得同情,消极,0.11248631377288763
5247786316729127,阳光灿烂的日子_201508,Thu Dec 25 20:24:29 +0800 2025,其实就是瞧不起消费者。对于大老板来说，人均100多的饭，这没几个钱，顾客居然这么多事！！,消极,0.10245221860172005
5247786316729127,酿夏行者,Fri Dec 26 07:53:04 +0800 2025,老罗投诉后，找个时机，真诚的在西贝请老罗吃个饭直播道个歉，可能效果更好，偏要瞎折腾！,消极,0.11020349833011393
5247786316729127,熊猫三千问01,Fri Dec 26 03:42:40 +0800 2025,你吃过西贝20的馒头吗，你知道有多大吗，他其他馒头就是正常价格,消极,0.11418259628075471
5248080682684279,春雨知时,Sat Dec 27 17:02:52 +0800 2025,预制菜这个支持罗,积极,0.8760846059429355
5248078290354576,玩个球,Fri Dec 26 12:21:53 +0800 2025,就看看不说话,消极,0.130550894946041
5248078290354576,厉寒川,Fri Dec 26 12:20:35 +0800 2025,西贝预制菜，营销高手，哄娃开心，家长买单。,积极,0.8995073952072318
5247777668862044,秋梓2024,Thu Dec 25 17:20:31 +0800 2025,他高薪聘请的公关团队都是啥年代的人？太搞笑了，就这智商的公关团队还叫板老罗,消极,0.10610105533139239
5247777668862044,曾经的22路,Thu Dec 25 18:02:19 +0800 2025,在每个路口都选择了最烂的那条路。不过可能这种老登就是这样吧。,消极,0.1349560216899739
5247777668862044,你说动物园里有什么,Thu Dec 25 17:22:46 +0800 2025,那段时间他们还疯狂打广告特别狂妄,积极,0.643965824890509
5247777668862044,成为狗子plus,Fri Dec 26 11:08:24 +0800 2025,傲慢，你不吃有的是人吃。,消极,0.12734613547087298
5247777668862044,高高在上的龙墨酱,Thu Dec 25 23:01:37 +0800 2025,他甚至不回复都不至于搞成现在这样,消极,0.1160831007201615
5247777668862044,江英俊,Thu Dec 25 16:46:20 +0800 2025,睡不着觉要吃安眠药…怎么这么耳熟,消极,0.20964281786320083
5247777668862044,用户7745000005,Thu Dec 25 18:44:46 +0800 2025,天花乱坠的宣传，较高的售价与实际使用的普通食材不相称，一旦有人点燃公众情绪，商家不诚肯回应，后果可想而知,消极,0.10780985759595663
5247777668862044,BWV1007前奏曲,Thu Dec 25 18:58:40 +0800 2025,那些把消费者当傻子的广告，实在是看不下去，哪怕是从泰国抄一点idea过来呢，也能活泼一点,消极,0.13844195776365992
5247777668862044,吃碗鱼丸米线,Sat Dec 27 20:42:55 +0800 2025,承认预制菜就实锤逃税了,消极,0.11198769983023946
5247777668862044,SomeSunsets,Thu Dec 25 19:46:07 +0800 2025,华与华被罗永浩刚了立马闭麦，说明其实这么烂的公关也不是华与华的问题，人家还知道闭嘴呢贾国龙一开始就闭嘴啥事没有,消极,0.1318946532472068
5247748925818778,环闻财经-肖力军,Thu Dec 25 14:32:15 +0800 2025,需要深刻反思,积极,0.845692973643466
5247748925818778,十洲皓景,Fri Dec 26 08:59:20 +0800 2025,西贝预制菜风波100天后贾国龙现状,积极,0.5130510847372789
5247748925818778,北派老舅O_o,Fri Dec 26 04:28:03 +0800 2025,他活该啊,消极,0.3366264708353709
5247748925818778,橙猫猫的盖灵波灵,Mon Dec 29 23:25:07 +0800 2025,哦豁,积极,0.8647648034560916
5247748925818778,棣乐园,Thu Dec 25 21:22:16 +0800 2025,西贝预制菜风波100天后贾国龙现状,积极,0.5130510847372789
5247748925818778,lzhiy0,Thu Dec 25 20:09:47 +0800 2025,持续关注，期待后续,积极,0.7508760238095533
5247748925818778,方力_投资初学者,Thu Dec 25 14:46:12 +0800 2025,冲动是魔鬼,积极,0.8436313572193314
5247748925818778,善解小鹿浇花草,Thu Dec 25 14:55:05 +0800 2025,内容丰富,积极,0.8689885746836922
5247748925818778,_火山_2012,Thu Dec 25 14:33:22 +0800 2025,真诚改过，赢得信任，值得肯定！,积极,0.7787750759825058
5247803366309994,陈阿信的大宝贝,Mon Dec 29 17:56:00 +0800 2025,老邢咋了？,消极,0.10709050688464304
5247803366309994,羊汤发面饼,Sat Dec 27 10:04:32 +0800 2025,此人没有妻子么？老登是个啥概念妻子总得告知一下吧,消极,0.11905337961285656
5247803366309994,十萬分之一的偶然,Fri Dec 26 19:24:16 +0800 2025,同意 另一方，肤浅地觉得，他未必真的认为自己有错，只是当下涉及的利益太大，需要他这么做，他才这么做。 感悟来自最近发生故事，A我交给A表格，她跟B核实，确认表格有遗漏。好了，事情开始变得有趣了，从周二至今，她在线上线下反复确认，就是不愿意把新增的两个名额补充到表格哇！震碎三观！,积极,0.8339026015352943
5247803366309994,爱琴海的大海,Thu Dec 25 20:16:56 +0800 2025,老登无处不在,积极,0.721844822594656
5247803366309994,躺在云朵上看月亮o,Thu Dec 25 18:46:38 +0800 2025,好喜欢小美姐的剖析，像是在剖析人性，还融合了各科理论➕实际,积极,0.8968570942413976
5247803366309994,四月曾曾,Thu Dec 25 18:18:01 +0800 2025,“因为传媒学里有个概念，叫弱传播。简单的说，舆论世界与现实世界的力量对比是反过来的，弱者更易获得同情与支持，强硬姿态反而会激化对立，也就是强肉弱食。”——是哒，网络世界同情弱者，现实世界慕强,积极,0.7976299417104684
5247751215385845,ChatGPT50,Thu Dec 25 14:44:40 +0800 2025,所以西北的生意还没恢复如初吧,积极,0.8015782418444616
5247751215385845,糖糖手心,Thu Dec 25 16:42:48 +0800 2025,哪儿这么多如果,消极,0.24690647428640755
5247751215385845,大猫崔,Thu Dec 25 16:46:19 +0800 2025,之前吃过西贝，小锅牛肉，黄馍馍，黄米糕，都挺好吃的，价格也合适，但在5或6年前吧，具体时间记不得了，菜名也不记得了，菜式是大骨头牛肉，骨头好大一块肉好少，价格很贵，从那时起，价格一路走高，品质与价格并没有成正比的表现出众，自此没有再去吃过……没必要,消极,0.2603061141947336
5247751215385845,致中和S,Thu Dec 25 23:54:38 +0800 2025,62 亿，按 400 家店来算，平均每天营业额 43000 多，不知道我理解对不对，,积极,0.6987898531867472
5247751215385845,laoyangabc136,Thu Dec 25 17:42:33 +0800 2025,连锁餐饮中，西贝其实不错，就是有点儿小贵，看了他的反思后，平添好感，老头儿不容易。,积极,0.8940202898788925
5247751215385845,小6来逛逛,Thu Dec 25 16:56:49 +0800 2025,现在的菜单真心是奇怪，最早西贝是西北特色的菜色，现在菜单上连毛血旺都有了，西贝到底想好自己要做什么菜单没？打开菜单没什么想吃的。,消极,0.18320656218866116
5247751215385845,灵动荷花泡脚,Thu Dec 25 16:51:33 +0800 2025,买了不少小贝的奶酪饼，蛮好吃的！呵呵！,积极,0.8915422369976597
5247751215385845,angwish,Thu Dec 25 16:44:49 +0800 2025,预制我吃不起,积极,0.8259243057893514
5247751215385845,时间过客钟先生,Thu Dec 25 18:39:01 +0800 2025,德不配位,消极,0.19454293098759123
5247751215385845,用户7340190271,Thu Dec 25 22:29:45 +0800 2025,太顺了,积极,0.7743432475042056
5247751215385845,远去的河流2024,Thu Dec 25 14:52:27 +0800 2025,我投给了“会，依然是首选”~,积极,0.8932856656154513
5247751215385845,西街偏南,Thu Dec 25 14:47:43 +0800 2025,“硬刚”的意思还是你对人家错啊…,消极,0.42328826131005143
5247751215385845,竹林有遗风,Sat Jan 24 17:18:32 +0800 2026,现在依然不迟啊，公开说明，你们哪些是中央厨房预先备好的，哪些是现做的？老百姓不就是要个知情权吗？,消极,0.1777583759082908
5247751215385845,吾就是我,Fri Dec 26 09:06:20 +0800 2025,他还是没有认识到自己的问题在哪儿，根本不是什么硬刚，而是欺骗消费者明明是预制菜却偏要强调什么明厨亮灶现场烹饪……,消极,0.10312458808168999
5247751215385845,___LaoK___,Thu Dec 25 19:37:10 +0800 2025,愚昧的人还是多数。天天吃着预制菜还以为都是新鲜先做，可笑的不行。真要那样不可能人人吃的起。就算现做，有多少食材也是预制。跟着高力棒子走，一天比一天傻。怎么没人去看看项立刚揭露棒子的帖子呢，看看他十年前是怎么反动的。,消极,0.10564515955766264
5247751215385845,用户7890626513,Thu Dec 25 17:10:50 +0800 2025,选不会吃预制菜的，有一个算一个，全都是大鲨臂！,消极,0.10099840863911508
5247751215385845,胡汉三又回来了3,Thu Dec 25 17:04:21 +0800 2025,就这眼界就这认识……我只能说活该,消极,0.10074172967047777
5247751215385845,一群鱼哟,Thu Dec 25 15:20:41 +0800 2025,解铃还须系铃人，要不试试想想办法，去一下老罗的播客吧，也许死马还能当活马医一下,积极,0.7598914451846213
5247751215385845,想你的好久不见,Thu Dec 25 15:13:29 +0800 2025,到现在，公众还是没意识到西贝是材料预制，不是成品预制，我只能说，西贝的公关部门，一点用都没。,消极,0.10774983962921779
5247751215385845,盛碗糖水给你,Thu Dec 25 14:45:55 +0800 2025,他还委屈上了？,消极,0.10726133230728803
5247756614762686,漫长的心算,Thu Dec 25 15:15:06 +0800 2025,其实他只有一个错误，脱离群众脱离网络发展太久，不食人间烟火,消极,0.10569204262195434
5247756614762686,4ever-堅,Thu Dec 25 15:23:23 +0800 2025,怎么感觉还是有点不服的样子,积极,0.8746448465082836
5247756614762686,锦瑟之徒,Thu Dec 25 15:18:01 +0800 2025,难道不是预制菜，价格，菜品品质，营销策略的问题吗，自己接不住流量。,消极,0.1062851272851743
5247756614762686,hiker0001,Thu Dec 25 16:21:02 +0800 2025,我对西贝印象一直很好，从桌布牙线餐巾纸到赠品小吃这些细节，可以看到西贝的用心。菜品大部分我都觉得不错，而且不油腻。价格不便宜，但在商场也贵不到哪去。至于什么几岁的西蓝花21块钱的馒头这些指责，基本都站不住脚，属于无理起哄。中国的网络舆论就是个大粪坑，信的越多，吃屎就越多,积极,0.8205572372389298
5247756614762686,藏着并不等于遗忘-,Thu Dec 25 15:44:12 +0800 2025,真正西贝的客群压根不在乎舆论，深圳的西贝生意比之前还好,积极,0.7969316663111385
5247756614762686,清浅白石浣纱明月,Thu Dec 25 15:34:32 +0800 2025,你看开放厨房他觉得错了，从来不觉得违反食品安全有错,消极,0.33064488470816966
5247756614762686,萧　炎,Thu Dec 25 15:41:15 +0800 2025,所以西贝还有的救吗,消极,0.26777452314909667
5247756614762686,晨间剧男主-,Thu Dec 25 15:40:31 +0800 2025,还是那句经典的话，他不是知道错了，他是知道要“死”了,积极,0.6879012838504451
5247756614762686,纵有疾风起R,Thu Dec 25 15:47:43 +0800 2025,爹味太重，还是没意识到，餐饮行业向来是顾客是上帝,消极,0.11873523314931506
5247756614762686,_pei_pei_,Thu Dec 25 18:12:53 +0800 2025,避重就轻，公关换了之后策略换了，但是互联网是有记忆的，撒的谎大家还没忘呢,消极,0.10144356983806804
5247756614762686,来来来德宝,Thu Dec 25 15:41:24 +0800 2025,又学了一个成语，“避重就轻”,积极,0.750586472858879
5247756614762686,今天嘿哈2018,Thu Dec 25 16:21:56 +0800 2025,每天晚上都做经营复盘会？也就是说一年至少开365次会？这话说的像雷军了哈哈哈哈,积极,0.895434929916999
5247756614762686,无名小小摄,Thu Dec 25 17:12:00 +0800 2025,能说出这些来证明他还未意识到自己错哪了，可悲,积极,0.5119917629261437
5247756614762686,今年养只猫吧,Thu Dec 25 16:57:06 +0800 2025,他不是认识到自己的错误了，而是怕了。,消极,0.15119326488004353
5247756614762686,廖寥寥无几丶,Thu Dec 25 16:05:05 +0800 2025,深圳上海西贝的价格相对别的店算便宜，我去深圳吃个面都26块钱,积极,0.8875763433472486
5247756614762686,就像我就像你,Thu Dec 25 15:49:28 +0800 2025,把那条发中国斩杀线的删了干嘛，想吃流量又怕被骂？你多发，我多帮你上头条投流,积极,0.7804885902050955
5247756614762686,通几者也,Thu Dec 25 15:12:24 +0800 2025,在公司当老总训手底下牛马训爽了，网上可不惯着你，敢装就弄,消极,0.18053149306889538
5247756614762686,少冰三分糖呀,Thu Dec 25 15:55:50 +0800 2025,走听劝人设不会翻车,消极,0.1891325533736703
5247756614762686,Vziiiiiii,Thu Dec 25 15:08:24 +0800 2025,没有认错的感觉,消极,0.1014245746545723
5247756614762686,我主沉浮-2015,Sun Dec 28 09:12:41 +0800 2025,完全不提预制菜，长期冷冻肉，味道差，转基因油，菜品差收费高，根本不是反思，是卖悲情！,消极,0.10076775569916953
5247756614762686,天豆腐干豆腐干,Fri Dec 26 04:48:08 +0800 2025,被底下的人捧傻了。一开始牛的跟二五八万似的，最终吃亏的还是自己啊。所以说做人还是要谦卑还是得要有空杯心态，尤其是做到上位者,消极,0.13275198299846735
5247756614762686,鱼与鱼香肉丝,Fri Dec 26 11:05:55 +0800 2025,真实了常年西贝，也很清楚是预制菜，不过确实比起之前涨价且降质了,消极,0.41587277133330003
5247756614762686,诗跟离别并无结尾,Fri Dec 26 10:14:06 +0800 2025,就一个字 蠢,消极,0.10290613412875563
5247756614762686,Franz19,Thu Dec 25 19:06:01 +0800 2025,这段采访看着挺正常的，前段时间的回应真的很癫,消极,0.1404252895495844
5247756614762686,本雅明年表,Thu Dec 25 17:14:37 +0800 2025,回复,消极,0.3698251538894617
5247756614762686,拜仁狂魔,Thu Dec 25 16:21:28 +0800 2025,这不会又是华与华的营销吗？,消极,0.14542843955021123
5247756614762686,自助者天助wd,Thu Dec 25 16:15:16 +0800 2025,傲慢。,积极,0.7219198219494501
5247756614762686,昵称已上缴,Thu Dec 25 16:13:12 +0800 2025,在服务行业忍气吞声这一块，麦当劳肯德基是早就有深刻认识的，都学学,消极,0.12445926057208398
5247756614762686,老剑zxg,Thu Dec 25 16:03:17 +0800 2025,没倒闭所以发声了,积极,0.8210239911024587
5247756614762686,-木头酥,Thu Dec 25 15:32:58 +0800 2025,重点在于他理解的新鲜与普遍认为的新鲜不一样,消极,0.12045990767050205
5247756614762686,swimlamb,Thu Dec 25 15:11:47 +0800 2025,餐厅如果没问题那会怕公开吗,消极,0.1657415401335101
5247756614762686,简理三三,Thu Dec 25 15:09:17 +0800 2025,想教育顾客结果被顾客教育了,消极,0.1060064340438953
5247756614762686,曹同学是我,Thu Dec 25 15:05:42 +0800 2025,西贝苟成功了,积极,0.8435043989122988
5247756614762686,北二知_cq,Fri Dec 26 16:00:12 +0800 2025,所以年纪大了就是听不进一点外界的声音是吧？一点都听不进去。,消极,0.1084464418391005
5247756614762686,这口水泛滥的年代,Thu Dec 25 18:59:53 +0800 2025,把自己经营的问题说成是和特殊个体的矛盾,消极,0.14540376993413062
5247756614762686,杰尼巴佩,Fri Dec 26 10:41:25 +0800 2025,总之就是西贝餐厅没毛病,积极,0.8909398614416318
5247756614762686,Toroh一定很好吧,Fri Dec 26 08:22:04 +0800 2025,西贝值得继续发展,积极,0.6638100648655382
5247756614762686,莺飞草长正在路上,Thu Dec 25 15:56:57 +0800 2025,这每步都是对的呀，如果不去硬刚，开放厨房，不反过来绑架别人，怎么会让大家清楚的看到西贝有多假,消极,0.11638850015285378
5247756614762686,想睡觉的芋头,Fri Dec 26 18:26:23 +0800 2025,全片依旧充满了傲慢，说到底，他不是知错了，他是怕了。向钱妥协了，相当于为了钱，一切都说是是是，心里还是在骂娘,消极,0.1058107450948071
5247756614762686,啊菠萝Apo,Mon Dec 29 18:06:56 +0800 2025,按照现有预制菜标准，预制菜是不可以添加防腐剂的，西贝用的预制包含有焦磷酸钠、柠檬酸钠等防腐剂，是达不到预制最低标准的。所以他到最后也不能承认使用预制菜，否则就涉嫌非法使用食品添加剂,消极,0.37252682879695553
5247756614762686,天气转凉了_41355,Sun Dec 28 11:38:05 +0800 2025,这三条是真的那么说的吗？咋没听说啥反省而是很肤浅的委屈不平那意思自己本心没错只不过手段错了？,消极,0.29686975625421874
5247756614762686,李叔同x,Sat Dec 27 09:40:58 +0800 2025,预制菜还卖这贵 狗都不吃,消极,0.11261193628423266
5247756614762686,鸿图一张,Sat Dec 27 09:38:36 +0800 2025,这就对了，能屈能伸，敬你是条汉子,积极,0.8196538470239944
5247756614762686,laomidou,Fri Dec 26 22:56:09 +0800 2025,这三个是大家帮他总结的。,积极,0.8771934120897896
5247756614762686,Leo要好好工作升职加薪,Fri Dec 26 11:54:16 +0800 2025,他其实还是觉的没发挥好，而不是用预制菜这个事,积极,0.7511351122447906
5247756614762686,New之歌,Fri Dec 26 11:49:32 +0800 2025,跟于东来交流，收获不少。,积极,0.8772842920344175
5247756614762686,willooaa,Fri Dec 26 11:26:42 +0800 2025,他的错只有一条，把顾客当傻子。卖预制菜就预制菜，还当做现炒的价格在那卖！避重就轻，在这装死,消极,0.1017753196732633
5247756614762686,泰山石敢当2010,Fri Dec 26 09:33:37 +0800 2025,这次接受采访除了装逼，对企业依然没有任何好处！,消极,0.10124091153794455
5247756614762686,默默的瘦瘦哒,Fri Dec 26 08:29:50 +0800 2025,不想看到他,积极,0.6936149681410854
5247756614762686,剁椒辣鸡,Fri Dec 26 08:10:12 +0800 2025,八千人大战罗永浩 我能笑十年,积极,0.639666738893095
5247756614762686,济南好热啊,Fri Dec 26 08:06:15 +0800 2025,他还是没认识到自己的错误,消极,0.48033049668882766
5247756614762686,luciusssssssss,Fri Dec 26 08:02:50 +0800 2025,看来他还是不知道问题出在哪了,消极,0.16007158236309849
5247756614762686,报告-领导,Fri Dec 26 07:00:43 +0800 2025,西贝也用路边摊同款的元宝牌大桶油，这我是真的没想到。,消极,0.10679790226792757
5247756614762686,小区门找口,Fri Dec 26 06:25:17 +0800 2025,好鞋不踩狗屎。,消极,0.46276443954830027
5247756614762686,_猫田棉棉水瓶座lucky尬不尬,Fri Dec 26 00:47:03 +0800 2025,压根不承认西北欺骗消费者，只承认自己公关失败,消极,0.10646897522097387
5247756614762686,上海东方明灯,Thu Dec 25 22:48:41 +0800 2025,西贝的菜确实好吃,积极,0.7957226425457066
5247756614762686,strawberry草莓噗噗冰,Thu Dec 25 22:38:33 +0800 2025,好不容易对西贝有了一点好感合着他还是不服啊 也不觉得影响大家知情权,消极,0.10364213478479187
5247756614762686,找金之荣,Thu Dec 25 22:16:50 +0800 2025,我希望西北挺过来！ 我去吃过了，真的很下血本，很用心了，也很好吃！,积极,0.8816983176533995
5247756614762686,龙之岭俱乐部,Thu Dec 25 21:28:28 +0800 2025,这那是认错啊！,消极,0.10285982342125105
5247756614762686,夏不谙,Thu Dec 25 20:04:57 +0800 2025,没钢赢主要是。,消极,0.10887050078881046
5247756614762686,那你懂球吗,Thu Dec 25 19:25:57 +0800 2025,老贾得读历史 在某些土地上舆论这一套胜过事实 历史可循,积极,0.5838854856753898
5247756614762686,村夫老林,Thu Dec 25 18:26:45 +0800 2025,贾老板的傲慢不可能变，他要翻身过来，肯定变本加厉，他根本没意识到自己错了，南周采访只是他的权宜之计。//,消极,0.11486387976604832
5247756614762686,用户7680735225,Thu Dec 25 17:22:09 +0800 2025,其实就是没把罗永浩当做客户，把他当成臭嘴网红了,消极,0.1030060969909365
5247756614762686,张玉玺xi,Thu Dec 25 17:10:54 +0800 2025,第二个错误是开放厨房；,消极,0.30766340552208343
5247756614762686,上西区,Thu Dec 25 17:08:46 +0800 2025,钱也挣到了倒闭就倒闭吧,消极,0.14637832527313566
5247756614762686,huangsolo,Thu Dec 25 17:03:00 +0800 2025,先和华与华解约,消极,0.2547128919799938
5247756614762686,艾木拆腻子,Thu Dec 25 17:02:44 +0800 2025,不知道谁给他出的主意接受采访，闷声发大财这句话他是一点也不懂啊🤓,积极,0.6154754800347405
5247756614762686,超级无敌可爱小政政,Thu Dec 25 16:29:41 +0800 2025,支持西贝，做中国的麦当劳开遍世界，让小黑子都闭嘴,积极,0.5599891722046323
5247756614762686,只想安静的睡着,Thu Dec 25 16:29:24 +0800 2025,长大了,积极,0.8825703241250977
5247756614762686,金字塔顶端的小蜗,Thu Dec 25 16:25:56 +0800 2025,没从根上认识到问题,消极,0.10351788413166213
5247756614762686,响哥Xianger,Thu Dec 25 16:24:02 +0800 2025,回复,消极,0.3698251538894617
5247756614762686,夏时凛雨,Thu Dec 25 16:12:57 +0800 2025,并没有沉默 这不是还在找公关和水军么,消极,0.13446710437625842
5247756614762686,奇瑞202008,Thu Dec 25 16:08:28 +0800 2025,当企业的领导周围都是拍马屁的，没人敢说真话，那么就很可能做出这些当时认为不妥的言行。,消极,0.32818459526347377
5247756614762686,唐人街肉铺的冰箱,Thu Dec 25 16:02:53 +0800 2025,毫无悔意，后悔的是没想到大家都不是傻子,消极,0.10916497939652738
5247756614762686,陆熵荏,Tue Dec 30 06:02:12 +0800 2025,记住这句话，1️⃣用不了多久，你也这样，没办法，人都这样。2️⃣其实你这个已经有那个味道了，3️⃣我更是爷味儿 //,消极,0.1652947173659986
5247756614762686,陆熵荏,Tue Dec 30 06:00:26 +0800 2025,✅💯// ...全文,积极,0.6720524044676608
5247756614762686,陆熵荏,Tue Dec 30 05:59:52 +0800 2025,他得给你下跪，给你补偿，给你谢罪，你觉着这样合适。// 就是不觉得自己错//,消极,0.282565593093443
5247756614762686,陆熵荏,Tue Dec 30 05:58:59 +0800 2025,他给你下跪，你也会觉着不服，他得谢罪，你才过瘾//,消极,0.13586707707102458
5247756614762686,ChloeeeHE,Fri Dec 26 16:47:32 +0800 2025,看来还是不服气啊,消极,0.23689215456206225
5247756614762686,用户7164777777,Fri Dec 26 15:05:21 +0800 2025,他有一点点对菜品品质和做人底线的反思吗？,消极,0.4742843360650312
5247756614762686,都想成圣,Fri Dec 26 10:13:16 +0800 2025,以人为本，尊重消费者权益，从来不说。记者也不问这方面问题。可见，顾客在整个商业环境里面的地位多么卑微。,消极,0.10282712770810178
5247756614762686,马驹石Rational理性投资,Fri Dec 26 10:47:20 +0800 2025,贾国龙有智慧，检讨自己认错反省的同时把是非也讲清楚了。昨天路过西贝，环境舒适生意红火，生意人就是生意人，餐饮能做到这个水平着实不易。,积极,0.8989471164148682
5247756614762686,用户6301491036,Fri Dec 26 09:42:17 +0800 2025,还是让西贝去死吧,消极,0.3149637338165121
5247756614762686,泰山石敢当2010,Fri Dec 26 09:34:33 +0800 2025,这个傻吊对自媒体开放厨房，是非常自负且愚蠢的决定！,消极,0.10227089920364846
5247756614762686,三观哥哥,Thu Dec 25 17:37:43 +0800 2025,贾就是个黑了心的大傻子,消极,0.10051703263921033
5247756614762686,上海徐汇高Sir,Fri Dec 26 15:44:54 +0800 2025,心黑，是教育不过来的,消极,0.10958381951930277
5247756614762686,物新语之花,Thu Dec 25 16:35:33 +0800 2025,还是嘴硬，应该是股东施压了 再骂就没盈利了，西北的消费群体还是很多的,消极,0.25676079056857604
5247755136271481,JGD勤,Thu Dec 25 15:32:49 +0800 2025,确实如此，坦然面对加改进更容易让人接受,积极,0.6053156985983179
5247755136271481,胖根儿爱吃大公鸡,Thu Dec 25 17:21:57 +0800 2025,是硬要把别人当傻子,消极,0.11452417536628151
5247755136271481,往昔碎碎念48561,Fri Dec 26 10:29:26 +0800 2025,是的,消极,0.12215095032351997
5247755136271481,好运小恬-,Thu Dec 25 19:58:09 +0800 2025,说的对,消极,0.16207645288774852
5247755136271481,梅花鹿mrs,Thu Dec 25 14:59:39 +0800 2025,哦哦,积极,0.8784876887260935
5247755136271481,冷凌199005,Thu Dec 25 14:59:23 +0800 2025,确实,积极,0.6991154385443338
5247755136271481,一致的鹏远,Thu Dec 25 14:59:05 +0800 2025,确实，站在对立面了,消极,0.10443618192530758
5247755136271481,奇迹狗锦鲤猫,Thu Dec 25 14:57:44 +0800 2025,西贝预制菜风波100天后贾国龙现状 时间过去感觉很久了,积极,0.5384188313102669
5247755136271481,云端小奇迹,Thu Dec 25 14:57:41 +0800 2025,说的挺对呀,积极,0.5362938560096153
5247755136271481,梅花笑寒5888566627,Thu Dec 25 14:58:51 +0800 2025,说的也太对了，真是,消极,0.11405670451426346
5247755136271481,向晓抱影,Thu Dec 25 14:58:44 +0800 2025,说的是,消极,0.10799737288485996
5247755136271481,咩咩羊把脂肪甩飞,Thu Dec 25 14:58:31 +0800 2025,硬钢,积极,0.7087898417232281
5247755136271481,萧瑟回首平生烟雨,Thu Dec 25 14:58:15 +0800 2025,不如证明预制菜也是可以干净健康的,积极,0.7062583916364502
5247755136271481,Leah0417,Thu Dec 25 14:58:12 +0800 2025,从不同角度看会有不同结果,积极,0.820938461425115
5247755136271481,小羊星巴乐Z,Thu Dec 25 14:58:01 +0800 2025,是啊,消极,0.1089690782180511
5247755136271481,美好时光每天-,Thu Dec 25 14:57:45 +0800 2025,说的对啊,消极,0.2512156767566962
5247755136271481,留给我的时间不多了啊,Thu Dec 25 14:57:45 +0800 2025,太刚了,积极,0.8450460709531399
5247755136271481,乂氼ouo,Thu Dec 25 14:57:35 +0800 2025,如果能重来,积极,0.8228187460528744
5247755136271481,晨夕牧笛,Thu Dec 25 14:57:34 +0800 2025,说的对呀,消极,0.25006266770669683
5247755136271481,哦莫我想不到名字耶,Thu Dec 25 15:03:22 +0800 2025,这样啊,消极,0.1047478260970228
5247755136271481,温煦在云边,Thu Dec 25 14:58:01 +0800 2025,世上没有后悔药可吃,消极,0.15903135036526214
5247755136271481,人生shi旷野,Thu Dec 25 14:57:51 +0800 2025,硬钢的结果很严重,消极,0.11381694777398524
5247755136271481,That最可爱的人,Thu Dec 25 14:57:43 +0800 2025,再来一次他也会这样,消极,0.35543207144300765
5247755136271481,雷li风行E,Thu Dec 25 21:07:58 +0800 2025,没有如果，只有后果！,积极,0.503149465282516
5247755136271481,云泥之尘,Thu Dec 25 15:06:01 +0800 2025,西贝就是高档快餐而已！,消极,0.10191445773528972
5247755136271481,云泥之尘,Thu Dec 25 15:05:39 +0800 2025,你蠢！承认预制菜就不可以收高价钱,消极,0.10177601134825696
5247755136271481,每天微一笑鸭,Thu Dec 25 16:49:15 +0800 2025,对的,消极,0.19782359273327005
5247755136271481,香锅突然不香了,Thu Dec 25 14:59:38 +0800 2025,太不变通了,积极,0.5069352019540049
5247755136271481,2026欧气锦鲤郄诜丹桂,Thu Dec 25 14:57:09 +0800 2025,关键没有如果，也不会重来,消极,0.11979940845532881
5248023294907220,生活帮,Fri Dec 26 08:48:55 +0800 2025,沉默百天后贾国龙回应预制菜风波,积极,0.6467410426013999
5248023294907220,生活帮,Fri Dec 26 08:48:44 +0800 2025,贾国龙称开放厨房是错误,积极,0.7189207835700501
5248038937297887,努力让以后的自己感激,Fri Dec 26 09:50:29 +0800 2025,以前的老登都有这种味道，现在年轻的上去反而会谦和一些,消极,0.13846452593472228
5247751055212948,Cubic-zhang,Thu Dec 25 14:59:56 +0800 2025,又没啥影响，节假日门口排队特别长,积极,0.6847533382024977
5247751055212948,自由新干线,Thu Dec 25 14:42:59 +0800 2025,厨师露馅了,消极,0.44296935021891315
5247751055212948,by莉莉安,Thu Dec 25 17:04:40 +0800 2025,西贝预制菜风波100天后贾国龙现状贾国龙至始至终都没有认错，即便到现在老贾也不承认他的西贝是预制菜！他不是认错，只是认怂！消费者不吃他的预制菜了，跑来卖惨认怂而已！ ​​​,消极,0.12393848973806057
5247751055212948,愚夫9171,Fri Dec 26 08:40:17 +0800 2025,宁愿吃路边摊，起码看着现炒，反正坚决抵制预制菜。,积极,0.7617412767282105
5247751055212948,小阳桃儿,Thu Dec 25 14:42:41 +0800 2025,不明厨了？,消极,0.4750666291774792
5247751055212948,MQTT物联,Fri Dec 26 06:43:24 +0800 2025,豪言壮语不算数了？,消极,0.25083834241432823
5247751055212948,万事如意7838290967,Thu Dec 25 14:44:24 +0800 2025,低调一点,消极,0.4897221113176038
5247751055212948,历史践行者,Fri Dec 26 09:05:55 +0800 2025,真不要脸,消极,0.10635152144323048
5247751055212948,哀伤处女座,Thu Dec 25 18:15:13 +0800 2025,别洗了，就是辣鸡,消极,0.10112962733943402
5247849924659709,龙游锦水9730,Fri Dec 26 09:09:42 +0800 2025,提不起兴趣，个人对任何食品企业奉行一次上热门，以后绝不用！,消极,0.1023167347409989
5247849924659709,雁过无声8008,Sat Dec 27 10:59:24 +0800 2025,有中央厨房的饭店的预制菜，比许多现炒的干净卫生。,积极,0.8314012078885554
5247849924659709,Summertime2025,Thu Dec 25 23:22:37 +0800 2025,本来的事,消极,0.12921342322859503
5247849924659709,木叶知秋757575,Fri Dec 26 16:36:52 +0800 2025,老罗让西贝等放下傲慢，听一听顾客的声音，难道不是贡献。,积极,0.8554076773400794
5247849924659709,原地转圈的轱辘,Fri Dec 26 14:50:24 +0800 2025,他们不吃更好，等菜时间更少了,消极,0.3081308791063305
5247849924659709,踏月留香的老头8288,Fri Dec 26 11:58:46 +0800 2025,没吃过。,消极,0.14299800833731524
5247849924659709,云子鼐,Fri Dec 26 10:53:29 +0800 2025,开心，谁做东,积极,0.5936166077330199
5247849924659709,流浪喵小白,Fri Dec 26 10:50:48 +0800 2025,✅✅,消极,0.4229618892419005
5247849924659709,1PDSHCN,Fri Dec 26 10:48:07 +0800 2025,科技狠活的大宗与源头是日料西餐…,积极,0.8264943218011581
5247849924659709,彭公子,Fri Dec 26 02:24:19 +0800 2025,吃了十多年，感受到了他这么多年的变化。服务和菜品都在变化。,积极,0.8583101638284575
5248017556832410,July--晶,Fri Dec 26 14:35:15 +0800 2025,先等我吵赢了再说,积极,0.5083234422047213
5248017556832410,失眠之敌,Fri Dec 26 08:29:55 +0800 2025,吵架不等于自宫，也不是谁都学过葵花宝典的,消极,0.15899095187740112
5248017556832410,W东方不惑M,Fri Dec 26 10:05:42 +0800 2025,你说的都对！,消极,0.12119961193623058
5248032716619872,哈利的邦尼,Fri Dec 26 11:38:35 +0800 2025,所以说到底罗用一个似是而非的“预制菜知情权”为民请命，呵呵呵呵呵,消极,0.10840726361576195
5248032716619872,回头看烟花灿烂,Fri Dec 26 15:48:07 +0800 2025,这老登根本没有希望，出头被爆后选择把头缩回去，而不是选择适应这个时代，他以后只会越来脱节。,消极,0.1011755690431838
5248032716619872,守望者与六便士,Fri Jan 16 22:19:24 +0800 2026,我是觉得贾老板可以自嘲，可以解释西贝的定价成本，凸显食材和流程的安全性。只要有一个突出的点让消费者明白西贝的食物值得它的价格，就能消解预制菜的定义。没人在乎预不预制，大家都在乎安不安全，值不值。,积极,0.5644868427313696
5247923527090439,嗨兰州,Fri Dec 26 02:39:13 +0800 2025,贾国龙的坦诚令人动容，冬至之夜，他与安眠药为伴，只为向世界表达歉意。,积极,0.8583514527739681
5247923527090439,东吴士大夫,Fri Dec 26 02:07:54 +0800 2025,贾国龙在冬至公开认错，自曝压力巨大需安眠药助眠。,积极,0.6146584283221301
5247923527090439,东禾w,Fri Dec 26 02:07:02 +0800 2025,每一种喜欢都有一种理由！但每一种伤感却是莫明的。,积极,0.8438301302251716
5247923527090439,兰州微导航,Fri Dec 26 02:05:36 +0800 2025,贾国龙的坦诚令人动容，冬至之际，他不仅为顾客、员工道歉，也向自己认了错。,积极,0.8760016479703268
5247923527090439,甘肃王学鹏,Fri Dec 26 02:08:01 +0800 2025,贾国龙的坦诚令人动容，冬至夜的反思为品牌注入新活力。,积极,0.8918574350199862
5247923527090439,西安大学故事,Fri Dec 26 02:05:51 +0800 2025,贾国龙的坦诚令人感动，他的勇气值得尊敬。通过自我反省，他为品牌注入了新的活力。,积极,0.8814804009776509
5247932082161032,嗨兰州,Fri Dec 26 02:45:28 +0800 2025,贾国龙的坦诚让人感动，冬至夜的反思是成长的开始。,积极,0.8898820793233
5247932082161032,曹慧欣A,Fri Dec 26 02:39:49 +0800 2025,贾国龙自省，向所有人道歉，生活不易，需学会宽恕自己。,积极,0.6264167469148362
5247932082161032,东吴士大夫,Fri Dec 26 02:39:47 +0800 2025,贾国龙的认错，是对自己和顾客负责的态度。,积极,0.8816600679304543
5247932082161032,兰州新城事,Fri Dec 26 02:39:43 +0800 2025,贾国龙的真诚道歉，让人感受到企业的责任感。,积极,0.8900232415833471
5247932082161032,西安大学故事,Fri Dec 26 02:39:59 +0800 2025,贾国龙的坦诚令人感动，他不仅认错，更展现了企业应有的责任感和担当。,积极,0.8724682918193594
5247853917375583,馨小匀_L,Thu Dec 25 21:37:40 +0800 2025,你只有做到只剩一家店了才听得进顾客的声音,消极,0.14917728078153725
5247853917375583,湖田白鹤,Thu Dec 25 21:43:27 +0800 2025,有一些企业家在挣了钱后，就开始鄙视支撑自己财富增长的顾客。,消极,0.13675750719783203
5247853917375583,cosx0917,Fri Dec 26 20:20:53 +0800 2025,“我承认之前没鸟过你们”,消极,0.12731605731902113
5247853917375583,新游牧民,Thu Dec 25 22:01:43 +0800 2025,还去消费就是脑子有问题,消极,0.1004103195711515
5247853917375583,洛螭,Fri Dec 26 09:57:54 +0800 2025,他不是知错了，他只是知道自己要死了。——陈平安,积极,0.7857790424894603
5247853917375583,谢佩托夫卡的小白桦林,Thu Dec 25 21:52:49 +0800 2025,赚钱嘛，不寒碜，不就是把预制菜卖出先炒菜的价格，无商不奸,消极,0.10536088254234133
5247853917375583,我叫大米饭,Thu Dec 25 21:48:43 +0800 2025,贾老板不是怕了，而是知道自己的“事业”死了,消极,0.2823184829897739
5247853917375583,大大大欢喜坨,Thu Dec 25 21:40:45 +0800 2025,鼻涕进嘴知道甩了,消极,0.10568358837245172
5247897706957525,帅小伙学长,Fri Dec 26 00:27:10 +0800 2025,网友怎么看,消极,0.15296947632877433
5247897706957525,环球旅游攻略咖,Fri Dec 26 00:23:01 +0800 2025,贾国龙回应西贝预制菜风波，显示企业应对危机的成熟度。,积极,0.858203816934477
5247889518369057,鄂漂说事,Thu Dec 25 23:51:29 +0800 2025,好像是吧,消极,0.2872518202992351
5247889518369057,遇见南浔不迷路,Thu Dec 25 23:50:28 +0800 2025,西贝的整改成效显著，生活文化氛围浓厚。,积极,0.7689442581845725
5247874515340833,黄斌,Thu Dec 25 22:57:36 +0800 2025,老企业家碰到了新问题。做了一辈子企业，谁能想到被一个自称“企业家”的网络老流氓资深精神病碰瓷，贾第一反应当然就是杠回去，还很天真地试图打官司讨个公道。后来发现网络不是这么玩的，马上敢于认怂，这才是真汉子。干公司做一家倒一家的，一辈子也理解不了这个。,消极,0.10706696453830669
5247874515340833,不知道83798,Thu Dec 25 23:37:29 +0800 2025,西贝老总会这么坦诚的承认自己的错误，这对于一个企业家很不容易了。同时重量级的采访媒体能够采访到西贝老总，其实也说明了媒体界对西贝的一定认同。,积极,0.895406821429799
5247874515340833,CHeNG_9527,Fri Dec 26 15:18:17 +0800 2025,贾前面冲动，那是真男人，毕竟人家都找上门生事了。后面为了企业、员工低头反思，更是历练后的真男人。,积极,0.6039455828007277
5247874515340833,武-Valor,Thu Dec 25 22:56:47 +0800 2025,所以说，成年之后遇到和愣头青那些纠纷争吵，赶紧走人。不然真的会被他们给一刹那,消极,0.41424479536701425
5247874515340833,蓝海遨游,Fri Dec 26 08:24:52 +0800 2025,一个羊肉串从9元降到7元……上个月有天周末中午带个后辈去吃饭，说要排队三四十分钟。挺过来就好！,消极,0.10511373067758736
5247874515340833,齐禺,Fri Dec 26 06:52:54 +0800 2025,不全是老板自找的吗？普通人说难吃没人在意，老罗说难吃就是阴谋了？,消极,0.101188985618815
5247874515340833,911拥趸,Thu Dec 25 23:55:04 +0800 2025,就是牛逼惯了，撞撞墙才行,消极,0.2657180862922983
5247874515340833,谈在松,Fri Dec 26 11:30:14 +0800 2025,我大姐夫年轻时是冲砍杀，后来被我大姐管得服服帖帖，他有一次跟我谈心说：我们这样的得亏结婚有个女人管,积极,0.574595612543547
5247874515340833,杨一YH_,Fri Dec 26 04:33:54 +0800 2025,就是这么回事儿。,消极,0.17870946911138055
5247874515340833,今朝梦醒无梦楼,Fri Dec 26 02:52:18 +0800 2025,看看水浒传，也是一个道理,消极,0.37815106808355947
5247874515340833,LZ不一样的烟火,Fri Dec 26 00:54:30 +0800 2025,能公开反省道歉,消极,0.42579192730408977
5247874515340833,金刚不倒杵97907,Sat Dec 27 03:44:36 +0800 2025,“小时候打架，总是怕一砖头下去把对方拍死了，我这辈子就完了。”这话我爱听。小时候就是这个“怕”，所以不敢打架。,积极,0.5169170935225593
5247874515340833,塞牙皮卡丘,Fri Dec 26 20:21:53 +0800 2025,反省的是为什么一句话就亏麻了，而不是味道匹配不上价格还有PUA员工,消极,0.23983160024504002
5247874515340833,云起998,Fri Dec 26 08:25:58 +0800 2025,不要同人家杠，比如一天有个人到我邻居家乱骂乱碰，我邻居是警察，不认识她，估计是脑子有病的，同她吵了一阵，后来就算了，有一次旁边有人喝醉了，闹事，老板聪明，好声好气，后来喝醉的人走了，你同这些人杠，说明你不大度，比如打车常碰到司机生气，什么才这点钱，你还要求开空调，还开多几十米,消极,0.13521461726956654
5247874515340833,这个世界发生了啥,Fri Dec 26 07:48:21 +0800 2025,关于这个不觉得是碰瓷啊，反映问题不可以吗，后来舆情搞大了纯是因为西贝应对不利造成的,消极,0.35131143410176263
5247874515340833,冰莹萧子,Fri Dec 26 06:41:11 +0800 2025,村里老人说绝户做事狠,消极,0.10467230397997393
5247874515340833,独行在千山,Thu Dec 25 23:52:22 +0800 2025,远离烂人烂事。该认怂时就认怂。,消极,0.11855654343763077
5247874515340833,周天寒彻A,Fri Dec 26 03:07:54 +0800 2025,//,消极,0.11077889732501027
5247756325096286,春江自在风,Thu Dec 25 19:53:27 +0800 2025,还是自己做饭好～这两年厨艺大涨,积极,0.6411353557352868
5247756325096286,云树长淞,Thu Dec 25 18:11:03 +0800 2025,真的是，有这样的情况,消极,0.20542261557822805
5247756325096286,财姥姥姥,Thu Dec 25 15:42:45 +0800 2025,我也不想做饭啊，命苦呀请不起阿姨只能自己做,消极,0.14274243700289996
5247756325096286,财小夜,Thu Dec 25 15:45:44 +0800 2025,哈哈，我觉得西贝还是让我放心的,积极,0.8831533435146867
5247756325096286,雨落无声似有声,Thu Dec 25 16:49:12 +0800 2025,什么时候做到观众至上，什么时候就整改到位了,消极,0.10178483075018631
5247756325096286,熙熙and两只葫芦娃,Thu Dec 25 17:24:33 +0800 2025,谁都不想做饭，在外面吃尽量干净就行了,消极,0.2347725414264401
5247756325096286,小明同学的杂谈,Thu Dec 25 19:24:18 +0800 2025,没感觉出来不同啊,积极,0.5790999405122221
5247756325096286,财唱歌,Thu Dec 25 17:49:59 +0800 2025,哈哈，竟然有这作用,积极,0.7384624352374886
5247756325096286,夏木喵,Thu Dec 25 18:48:34 +0800 2025,我同意！我婆婆就觉得一起和我们出去吃挺好的,积极,0.89685310283013
5247756325096286,阿闵小尹尹,Thu Dec 25 15:02:14 +0800 2025,有这么复杂？,消极,0.10196532061579174
5247756325096286,微微辣Vila,Thu Dec 25 15:02:38 +0800 2025,更有趣的是，孩子亲爸又成功的死了,积极,0.5013524893404138
5247756325096286,小咩和小酒,Thu Dec 25 17:37:29 +0800 2025,噗哈哈哈我觉得有时候老人拿出来的食物我也很存疑,积极,0.677133716866777
5247756325096286,财乐乐啊,Thu Dec 25 15:24:41 +0800 2025,都没错，自己家的放心，外面的好吃,积极,0.8898122845095827
5247756325096286,财高啊高,Fri Dec 26 09:43:19 +0800 2025,还是自己做安全些吧,消极,0.21827674236715489
5247756325096286,苏州的才有朋,Thu Dec 25 22:40:16 +0800 2025,大家都怕了,积极,0.5309418242897663
5247756325096286,蓝花椰,Thu Dec 25 21:58:51 +0800 2025,男人美美隐身,积极,0.8765837072637879
5247756325096286,郭律师的律圈见闻,Thu Dec 25 21:43:48 +0800 2025,哈哈哈，话语权,积极,0.896984329815453
5247756325096286,暖柿金米,Thu Dec 25 20:34:50 +0800 2025,对，落实整改就行,积极,0.5170957224020442
5247756325096286,这棵苹果树,Thu Dec 25 16:51:32 +0800 2025,婆婆也不想做饭,消极,0.11575871435659854
5247756325096286,菜班小窝头,Thu Dec 25 15:54:27 +0800 2025,没人愿意做,消极,0.40089909825346054
5247756325096286,易初莲子,Thu Dec 25 15:10:08 +0800 2025,什么神奇的脑子想出来的点子呀,积极,0.6674871923149596
5247882819011886,陈东阳-避坑规划师,Fri Dec 26 07:15:55 +0800 2025,这家的老板以后会不会被癌症患者找上门？,消极,0.21828141722952504
5247882819011886,自在李文,Tue Jan 06 21:39:37 +0800 2026,早就整改完了！现在西贝所有菜品都用非转基因大豆油，还公开食材来源和检测报告,消极,0.13360202128043558
5247753774698747,四悔于世,Thu Dec 25 20:58:07 +0800 2025,开始漂洗了，资本运作新一轮捞了！,积极,0.8665764607546521
5247753774698747,奇迹锦鲤老男孩,Wed Dec 31 12:04:58 +0800 2025,真诚才是最重要的,消极,0.2208525474482641
5247753774698747,天天欧气满满的锦鲤,Tue Dec 30 18:33:32 +0800 2025,真诚真的很重要,消极,0.15242435003344312
5247753774698747,仔仔载载宅在宅,Fri Dec 26 20:22:14 +0800 2025,策略调整,积极,0.8829189942247467
5247753774698747,3钱6分9毛,Thu Dec 25 17:22:20 +0800 2025,这样还可以,积极,0.8138997243492213
5247753774698747,乆橴羅蘭乀,Thu Dec 25 15:33:06 +0800 2025,吃瓜群众,积极,0.8179350297501543
5247753774698747,白字先生V,Thu Dec 25 15:54:22 +0800 2025,没看到他本人说啊,消极,0.17863798256602692
5247753774698747,果果果果果先生,Thu Dec 25 14:54:55 +0800 2025,还是不好吃,积极,0.839847626295321
5247753774698747,用户5299952949,Sat Dec 27 10:48:31 +0800 2025,早知今日，何必当初,消极,0.1906515728649587
5247787610407988,great探春,Sat Dec 27 19:59:42 +0800 2025,也只有最后一句最正确,积极,0.6339829343902267
5247787610407988,是天秤座没错了,Thu Dec 25 22:45:15 +0800 2025,只能说，公关能力有待长进,消极,0.11590416432339831
5247787610407988,斜杠发发,Thu Dec 25 22:35:15 +0800 2025,已经吃了个大亏！,消极,0.10355370929827887
5247787610407988,Vera不唯一,Thu Dec 25 22:04:24 +0800 2025,西贝那个公关确实灾难,消极,0.3282497345109213
5247787610407988,祝_祝祝,Thu Dec 25 23:31:24 +0800 2025,刚的自己总上热搜,消极,0.39333400812874897
5247787610407988,只吃肉的圆圆子,Thu Dec 25 23:04:59 +0800 2025,这个纠纷还没有过去啊,消极,0.4269102844461365
5247787610407988,暇客千寻,Thu Dec 25 22:34:13 +0800 2025,希望能有所改进,消极,0.38290481392694387
5247787610407988,俺4小钟z,Thu Dec 25 21:46:07 +0800 2025,哈哈顾客满意是第一,积极,0.8949482447144419
5247787610407988,睡到九点a,Thu Dec 25 21:28:57 +0800 2025,刚刚才看到别人写的他。,积极,0.6896291369355169
5247787610407988,湘韵wa,Thu Dec 25 21:26:59 +0800 2025,多听顾客的声音，不和顾客辨明是非,消极,0.19396157305825168
5247787610407988,风吹走了大胖,Thu Dec 25 21:24:54 +0800 2025,他好像对预制菜有什么误解,消极,0.13157350321979605
5247787610407988,幸运的不再安静,Thu Dec 25 21:23:26 +0800 2025,现在让他明白了,积极,0.7234718272259784
5247787610407988,七秒鱼的luckygirl,Thu Dec 25 20:41:07 +0800 2025,关键他就是预制菜，自己还不知道,消极,0.12421827422090223
5247787610407988,二毛138,Thu Dec 25 20:00:25 +0800 2025,前期太自信了吧,消极,0.39780925623443864
5247787610407988,小猫是个倔脾气,Thu Dec 25 19:58:39 +0800 2025,把品质做好是正事,积极,0.7723054167904394
5247787610407988,人间浪漫事务所,Thu Dec 25 19:52:19 +0800 2025,一开始非要头铁,消极,0.16502996979175444
5247787610407988,读懂与悦已,Thu Dec 25 19:42:25 +0800 2025,不该刚他，网友们早就告诉你们了,消极,0.10887805992868897
5247787610407988,砂糖橘的橘猫喵,Thu Dec 25 19:42:25 +0800 2025,他是老板做久了，不知道消费者的需求！,消极,0.11367541953174663
5247787610407988,淘淘total,Thu Dec 25 19:34:40 +0800 2025,顾客永远是上帝,积极,0.8123560129504881
5247787610407988,团子爱赞,Thu Dec 25 19:13:18 +0800 2025,不该和他纠缠的,消极,0.11482197705068467
5247787610407988,月亮不头大,Thu Dec 25 17:20:22 +0800 2025,和丽江文旅局告小红薯一个意思,消极,0.10509500421958802
5247787610407988,Kk变瘦的每一天Kk,Thu Dec 25 23:26:48 +0800 2025,西贝我看前段时间又送新品年费品尝,积极,0.8983601992468067
5247787610407988,鲶埝鲇,Thu Dec 25 22:05:23 +0800 2025,没那个金刚钻不揽瓷器活,消极,0.10950428741825072
5247787610407988,风的节拍器,Thu Dec 25 21:19:07 +0800 2025,希望他真的认识到错了,积极,0.5806221108894334
5247787610407988,冰火鸟er在路上,Thu Dec 25 19:57:18 +0800 2025,主要是做生意要正直，不是大家吃不了预制菜,消极,0.10970672185873498
5247787610407988,四叶越努力越幸运,Thu Dec 25 19:51:07 +0800 2025,真是要倾听顾客声音啊,消极,0.12232332447996666
5247787610407988,李星允,Thu Dec 25 20:09:22 +0800 2025,现在明白了吧,积极,0.5958550462878094
5247787610407988,云树长淞,Thu Dec 25 17:51:10 +0800 2025,善于总结经验教训,积极,0.5063783799464802
5247787610407988,乌拉那拉氏不出废后,Thu Dec 25 17:09:36 +0800 2025,本宫观之，商海沉浮，识时务者为俊杰，退一步海阔天空，智慧处世方能长久。,积极,0.894135609502635
5247787610407988,乖噜噜小猫酱,Thu Dec 25 22:55:05 +0800 2025,晚上好,积极,0.8763705666086139
5247787610407988,财忱忱,Thu Dec 25 22:20:37 +0800 2025,来串门了,积极,0.5343916101172482
5247787610407988,莹焱焱,Fri Dec 26 11:33:18 +0800 2025,做生意和气生财,积极,0.7518650663070758
5247787610407988,Grace爱888,Fri Dec 26 01:53:40 +0800 2025,負面的宣傳成了黑自己反效果🙈,消极,0.17047361022443663
5247787610407988,慕甜甜早睡了,Thu Dec 25 23:54:52 +0800 2025,西贝创始人说不该正面硬刚罗永浩,消极,0.49610683782045084
5247787610407988,朙天晴天,Fri Dec 26 10:08:30 +0800 2025,本来就理亏……何况赤脚的不怕穿鞋的这场仗必输🙏,积极,0.5209086869665754
5247787610407988,枫林晚88,Fri Dec 26 12:42:47 +0800 2025,我看第二个不是错误，因为放开厨房白能让消费者知道到底怎么样，值不得去吃。,积极,0.7822346437433225
5247787610407988,骑蜗牛的莽莽鹅儿,Fri Dec 26 10:59:29 +0800 2025,继续洗,消极,0.39417314152685134
5247787610407988,呕喷叶喽罡,Fri Dec 26 10:37:14 +0800 2025,人有了名利飘了，忘了初心，如果有,消极,0.1730871863504866
5247787610407988,馨之江,Fri Dec 26 09:59:19 +0800 2025,我们这西贝关门了,消极,0.3348762049556903
5247787610407988,老子署稻扇,Fri Dec 26 09:39:41 +0800 2025,打铁还要自身硬,消极,0.2334182265477952
5247787610407988,左氏十八郎,Fri Dec 26 09:24:08 +0800 2025,最错的是，预制菜还这么贵还不好吃,消极,0.10949561519769262
5247787610407988,飚人200712,Fri Dec 26 08:40:10 +0800 2025,我还是没明白，错在哪。尤其是开放厨房错在哪？就不能让我们看到后厨？？,积极,0.6408930812180899
5247787610407988,无草之将,Fri Dec 26 13:59:47 +0800 2025,根本就没认识到错误,消极,0.10101708031891453
5247787610407988,深圳小峰峰,Fri Dec 26 11:15:56 +0800 2025,舆论战从来不是辩论，而是定义！罗锤子深谙此道！第一招“语义污染”：恶心！第二招抛出选择题：“你是要给顾客吃炒刚杀的猪，还是要用……？”第三招为民请命：“我不是……，只是呼吁……”用一个绝无可能做到的建议，来完成对整个行业的“永世封印”。西贝显然太实在，一步步掉进锤子的陷阱！,消极,0.15976705412332895
5247787610407988,别找我麻烦198607,Fri Dec 26 09:24:08 +0800 2025,这就叫强词夺理，事实摆眼前还要无理辩三分,消极,0.104117371015066
5247787610407988,喜乐CNL,Fri Dec 26 09:02:21 +0800 2025,到现在还不知道自己错在哪里，又赖别人身上,消极,0.13899883323248186
5247872385943173,马野之,Fri Dec 26 09:29:06 +0800 2025,贾国龙回应西贝风波从最初硬刚罗永浩、坚称“无预制菜”，到如今坦言“不该正面冲突”，这场舆论危机让品牌付出日营业额锐减百万的代价。,积极,0.6835252153922312
5247872385943173,鸩羽毒舞,Thu Dec 25 23:40:52 +0800 2025,确实如此,积极,0.7894946248409525
5247872385943173,云梦16350,Thu Dec 25 22:44:28 +0800 2025,年过五旬的创始人愿直面错误、调整食材周期，这份务实值得肯定，但重建信任仍需长效透明。,积极,0.8716460654393927
5247872385943173,语冰空云,Thu Dec 25 22:44:10 +0800 2025,“活不下来绝不再创业”的表态是背水一战的决心，而餐饮行业的核心终究是诚信——标注清晰、言行一致，才是连锁品牌行稳致远的关键。,消极,0.3867839604017604
5247872385943173,隐忍韧仁,Thu Dec 25 22:45:07 +0800 2025,西贝风波发酵百日后，贾国龙的复盘与回应颇引人深思。,积极,0.8049174736943427
5247872385943173,于玗,Thu Dec 25 22:45:37 +0800 2025,这场舆论危机让品牌付出日营业额锐减百万的代价。,消极,0.22976393806672768
5247872385943173,以道观之物无贵贱,Thu Dec 25 22:44:46 +0800 2025,冷冻西兰花等长保质期食材与“现做”宣传的反差，本质是消费者知情权与品牌承诺的失衡。,消极,0.11616635684703022
5247864671306801,一舟之旅,Fri Dec 26 09:27:09 +0800 2025,在餐饮业江河日下的大背景下，不低头做人走不远,消极,0.49110085546895943
5247820765337623,口语老师Yuyu,Thu Dec 25 19:55:45 +0800 2025,//,消极,0.11077889732501027
5247820765337623,悲亦舞0508,Thu Dec 25 23:55:22 +0800 2025,笔杆子杀人,消极,0.3084258440864964
5247820765337623,罗太君1234,Thu Dec 25 21:34:34 +0800 2025,罗永浩和黄斌干起来了,消极,0.4486557180628943
5247820765337623,Jane天天天晴,Thu Dec 25 19:26:04 +0800 2025,西贝的酸奶确实好喝还有奶皮子也不错,积极,0.8965954094407721
5247820765337623,自由人的自由联合体,Thu Dec 25 19:35:05 +0800 2025,好的东西，我们也有义务大力宣传。转发广而告之！,积极,0.698993159471911
5247820765337623,阳光的味道2717615132,Thu Dec 25 22:50:21 +0800 2025,真冤枉，贾总承担的压力太大了,消极,0.4421808816167463
5247820765337623,eowynforever99,Thu Dec 25 20:33:51 +0800 2025,西贝的酸奶很好喝啊,积极,0.8958621457255532
5247820765337623,甚谁的微博,Thu Dec 25 21:05:45 +0800 2025,罗太罗真是个臭流氓,消极,0.10056927380920164
5247872274795329,一道困告,Sat Dec 27 20:50:38 +0800 2025,最大的错误就是一个能把企业做大做好的家伙吃饱了没事干非要去搭理一个干啥啥完蛋的家伙。,消极,0.11476331557514528
5247872274795329,穿着雨衣城市中奔跑,Sat Dec 27 04:42:16 +0800 2025,真可怕，错误居然不是说用预制菜，而且卖的价格高，并且不承认吗？到现在也没有把消费者当回事，这是什么做餐厅的人啊，居然还有人追捧呢,消极,0.10343613959637767
5247872274795329,枕水闻涛,Fri Dec 26 16:48:12 +0800 2025,主要是智商税收的太狠，预制菜还卖这么贵，根本不得民心。蜜雪冰城用过夜柠檬怎么了？价格那么亲民大家根本不把这个当回事,消极,0.1015223083182684
5247872274795329,中华英雄传,Fri Dec 26 16:24:55 +0800 2025,不错的老板，希望西贝越来越好。,积极,0.8960869397208171
5247872274795329,老夫小龙在西门吐血,Fri Dec 26 13:39:31 +0800 2025,弄死就不承认找错了“公关公司”。。。,消极,0.10208544632417214
5247872274795329,bairdking,Fri Dec 26 09:29:09 +0800 2025,长得就不像好人,消极,0.10072739087111746
5247872274795329,疯狂的骑行者,Fri Dec 26 21:03:53 +0800 2025,狗头🐶军事,消极,0.4858468252036907
5247872274795329,用户7518539044,Sat Dec 27 05:42:13 +0800 2025,没文化真可怕,消极,0.41331569785642086
5247872274795329,全民智驾,Fri Dec 26 14:10:01 +0800 2025,本性流露而已,消极,0.2473647388787754
5247762905432499,笑发霉了,Thu Dec 25 15:28:13 +0800 2025,一起互动,积极,0.8412519288905969
5247762905432499,兰州新城事,Thu Dec 25 15:27:29 +0800 2025,西贝的预制菜风波，让品牌更接地气了。,积极,0.7479750880852208
5247762905432499,属于星星的小王妃,Thu Dec 25 15:37:06 +0800 2025,这是怎么回事,消极,0.10771052525739082
5247762905432499,春日桃里li,Thu Dec 25 15:31:36 +0800 2025,全是预制菜,积极,0.824596687370331
5247762905432499,Tusha0304,Thu Dec 25 15:36:33 +0800 2025,有一说一 西贝越来越难吃了,消极,0.17913487550542828
5247762905432499,珂珂熙俪,Thu Dec 25 18:06:37 +0800 2025,小朋友的那个应该好很多吧,积极,0.554794322113048
5247762905432499,芒果紺,Thu Dec 25 15:56:56 +0800 2025,这个事居然还没结束,消极,0.12319453747791029
5247762905432499,梨花予,Thu Dec 25 15:43:38 +0800 2025,西贝现在生意怎么样了啊,积极,0.8299711354494121
5247762905432499,芒果糖小蜜,Thu Dec 25 15:41:32 +0800 2025,真的不喜欢预制菜,消极,0.10873597179079475
5247762905432499,未绒兔,Thu Dec 25 15:40:53 +0800 2025,我都不敢吃西贝了,消极,0.11080469694440008
5247762905432499,Zanilia_小季神,Thu Dec 25 15:37:06 +0800 2025,其实现在餐厅大都是预制菜,积极,0.6537624185411914
5247762905432499,初见任性,Thu Dec 25 15:32:39 +0800 2025,预制菜？？？我去,消极,0.10911356580662245
5247762905432499,展信映云轩,Thu Dec 25 15:31:56 +0800 2025,真的全部都是预制菜,消极,0.10290981301541254
5247762905432499,PENTAX-SUPER-A,Thu Dec 25 22:06:54 +0800 2025,一直喜欢西贝，开始，过去，现在，以后。就算是风波时亦支持，全国开那么多店，还能基本统一菜单和出菜标准，中国餐饮品牌没几家能办到。…………,积极,0.8985803374629541
5247762905432499,GASADAAC,Wed Jan 07 02:51:10 +0800 2026,可选择的那么多，为什么非要选一个爆过雷的呢。贾某人又傲慢，用不着同情资本家，都是表演罢了。它让你看到的，是它想让你看到的。你没看到的，必然还是乌鸦一般黑。与其感慨它送的那堆不值钱的小破烂儿，不如换个牌子吃饭，起码不用想起贾某人去年那副嘴脸和华某某的巨大利润。好搭档，好恶心,消极,0.10954673948697856
5247842043037478,格尔图腾那图鲁,Fri Dec 26 18:42:54 +0800 2025,这家伙看着不像好人,消极,0.10115078964970085
5247842043037478,不费劲v,Fri Dec 26 08:03:37 +0800 2025,东西卖的确实贵，但是品质也确实还可以。大家都做预制菜，这算是品质比较好的了。应对确实有问题，没必要回应。你敞开门做饭，总有人说好吃，总有人说不好吃。每个人说的时候语境也不一样，可能今天很累，很烦。他就说点过激的话。明天他高兴了，他又说了一种话，没必要都回应,积极,0.6971391462808697
5247853413800537,冠宸,Fri Dec 26 14:23:44 +0800 2025,我ai 西贝 的吃法,积极,0.7965403286287739
5247853413800537,香芋蚂蚁123,Thu Dec 25 21:31:07 +0800 2025,嗯嗯支棱起来,积极,0.8968476859433508
5247812105143143,紫陌流鸢,Thu Dec 25 21:04:59 +0800 2025,贾国龙的回应符合餐饮行业应有的反思态度,积极,0.8456935102110066
5247812105143143,退一步人去楼空儋卦,Thu Dec 25 21:04:52 +0800 2025,透明化很重要，消费者要知道真相！,消极,0.10388553679013185
5247812105143143,蓝色忧郁4656,Thu Dec 25 19:09:07 +0800 2025,透明化，才能获得消费者的信任,消极,0.40956027069590206
5247812105143143,·米仔发射机·,Thu Dec 25 21:04:52 +0800 2025,餐饮透明化是行业未来发展的关键。,消极,0.45037809034701515
5247812105143143,嗯呐-咋滴吧,Thu Dec 25 20:06:35 +0800 2025,转发,积极,0.6002691335208624
5247812105143143,乐观开朗善良,Thu Dec 25 21:04:58 +0800 2025,谨以此刻作为未来改变的起点,积极,0.8651201004198157
5247812105143143,湾湾的感觉,Thu Dec 25 21:05:01 +0800 2025,贾国龙应该主动承认错误，尊重消费者的选择和权益,积极,0.5166011859999458
5247812105143143,月朗星稀影成双,Thu Dec 25 21:04:59 +0800 2025,向前看，行业反思总将带来更好的未来,积极,0.8850300690458909
5247843414582182,自在李文,Tue Jan 06 21:48:40 +0800 2026,贾国龙可没躺平哈，而是带着团队砸钱整改，降价20%+门店现做，是真在为之前的问题买单。感觉是实打实在改。,积极,0.8927039518734574
5247774057828236,福英的幸福杂货铺,Thu Dec 25 19:17:05 +0800 2025,群众的眼睛是雪亮的。,积极,0.6975957395113369
5247774057828236,每天幸运一点点的小幸运,Thu Dec 25 17:43:21 +0800 2025,一定要犟一下，考验大众的底线。,消极,0.13536169099934037
5247774057828236,余生好好过1978,Thu Dec 25 16:59:23 +0800 2025,要早认错呢。为什么抗到现在,消极,0.10618558888684322
5247774057828236,-片姊Blue,Thu Dec 25 16:58:13 +0800 2025,一开始的公关没有做好,消极,0.1578998502907482
5247774057828236,PM700一730,Thu Dec 25 16:55:27 +0800 2025,还有人去吃吗,消极,0.14972755115912764
5247774057828236,财临旭,Thu Dec 25 16:52:04 +0800 2025,顾客就是上帝,积极,0.72018365358349
5247774057828236,耿云舟,Thu Dec 25 16:45:24 +0800 2025,我比较反感这个人，说话不招喜欢,消极,0.10190860692074373
5247774057828236,春江自在风,Thu Dec 25 17:51:17 +0800 2025,认识到错误就好,积极,0.6566601680071585
5247774057828236,甜宝宝C,Thu Dec 25 17:09:28 +0800 2025,也是不容易呀,消极,0.41713873643692523
5247774057828236,沐晴林溪,Thu Dec 25 16:55:25 +0800 2025,群众的眼睛是雪亮的,积极,0.6401475119101662
5247774057828236,雨亭江東,Thu Dec 25 16:55:10 +0800 2025,这下老实了,消极,0.3487606816916381
5247774057828236,鬼帝如意,Thu Dec 25 16:54:17 +0800 2025,早点认错就好了嘛,积极,0.5834250084635642
5247774057828236,溜个瓜瓜,Thu Dec 25 16:34:49 +0800 2025,当初太冲动了,消极,0.10301353300907988
5247774057828236,幸运的甲是独,Thu Dec 25 21:31:52 +0800 2025,一开始的公关问题就没处理好,消极,0.27461944511098224
5247774057828236,小豫豆儿,Thu Dec 25 21:25:03 +0800 2025,预制菜真的不好吃,消极,0.1641076306934443
5247774057828236,蜜桃上线,Thu Dec 25 20:14:32 +0800 2025,这不是活该吗,消极,0.1427340420343007
5247774057828236,奥黛丽赫本的赫,Thu Dec 25 20:33:06 +0800 2025,感觉他家价格不便宜,消极,0.24613365692378986
5247774057828236,海盗王Cissy,Fri Dec 26 09:05:15 +0800 2025,这么长时间才公关，反正忘的人多，过过就能恢复,积极,0.8729018240633308
5247774057828236,ENBOcH,Fri Dec 26 09:19:08 +0800 2025,出海了，被处罚起来可就更雪上加霜了,消极,0.17296025704205797
5247838363848331,21财闻汇,Thu Dec 25 22:30:26 +0800 2025,西贝贾国龙说如果能重来坚决不硬刚,积极,0.5016378532546725
5247838363848331,刘声博客,Thu Dec 25 20:34:51 +0800 2025,和顾客吵架，顾客能不跑吗！最朴素的道理,消极,0.1301002401390659
5247839308612427,非诚勿喵,Sat Dec 27 12:21:44 +0800 2025,价格这个事，还是要看收入吧 加入人均都是100，月入30000和月入3000，肯定感受不同,消极,0.4750744803339302
5247839947198394,远方waying,Thu Dec 25 20:39:10 +0800 2025,解铃还须系铃人,消极,0.11982415174971547
5247839947198394,99个真实创业故事,Thu Dec 25 22:02:24 +0800 2025,你是真打算毁西贝，罗永浩粉丝吃不起西贝，西贝有华与华，不需要谁代言。这个格局你看清了吗？,消极,0.22115423049434763
5247839947198394,财商研习社,Thu Dec 25 22:30:33 +0800 2025,让一坨屎代言食品？,消极,0.10320947724978882
5247782623644861,坠入-梦境,Thu Dec 25 16:52:28 +0800 2025,还是发优惠实在,消极,0.264975184514855
5247782623644861,钮钴禄·王吴张,Thu Dec 25 18:52:34 +0800 2025,预制菜还那么贵,消极,0.2962624558951402
5247782623644861,要给我买不二家,Thu Dec 25 16:50:44 +0800 2025,现在知道低头了,消极,0.24757236131498228
5247782623644861,喜乐长安好,Thu Dec 25 18:16:57 +0800 2025,把价格调下来，品质好，大家都喜欢口碑也上去,积极,0.8977528324770929
5247782623644861,沐璃小金宝,Thu Dec 25 20:21:12 +0800 2025,还是得低调，脚踏实地,消极,0.281336597319202
5247782623644861,是易只小蜜蜂啊,Thu Dec 25 21:27:01 +0800 2025,价格低一点就好啦,积极,0.8147596754823212
5247782623644861,柿子不可以涩涩,Thu Dec 25 19:38:51 +0800 2025,何必嘴那么硬,消极,0.10260667799005709
5247782623644861,袁莱是,Thu Dec 25 18:13:36 +0800 2025,换种方式挺好,积极,0.8740807067662899
5247782623644861,云淡风轻的小微风,Thu Dec 25 18:00:50 +0800 2025,他终于醒了,积极,0.76991338827211
5247782623644861,Katherine_xj,Mon Dec 29 23:18:58 +0800 2025,来潮汕吧，绝对新鲜现做，大排档都是现炒的,积极,0.8930637787709201
5247782623644861,特重要,Thu Dec 25 19:39:42 +0800 2025,太贵了，想要高大上,消极,0.48625390412750846
5247782623644861,碧瑶妍,Thu Dec 25 16:56:23 +0800 2025,需要的是实惠,积极,0.8893387877863006
5247782623644861,今天我会中大奖Y,Thu Dec 25 21:09:36 +0800 2025,还是要真正考虑消费者 价格适中才好,积极,0.5985657228517539
5247836719420790,博论,Fri Dec 26 07:33:55 +0800 2025,早安朋友周五愉快,积极,0.711185277736675
5247764268325379,看小兔儿,Thu Dec 25 23:09:23 +0800 2025,对顾客真诚才能生意兴隆,消极,0.40213131213483777
5247764268325379,可圈可典-我是可可,Thu Dec 25 22:28:23 +0800 2025,慢慢变好就可以了，企业做起来不容易的,积极,0.5625508246591636
5247764268325379,袖儿的觅糖,Thu Dec 25 19:56:14 +0800 2025,事教他做人，挫折中找经验教训,消极,0.4379106105923256
5247764268325379,小柿子和橙子,Thu Dec 25 19:11:23 +0800 2025,他闭嘴后门店生意明显好了,消极,0.2867847005235502
5247764268325379,雯文悦己,Thu Dec 25 18:22:43 +0800 2025,真诚做好品质，才是关键,积极,0.8301590663702086
5247764268325379,一座蓝火山,Thu Dec 25 15:44:37 +0800 2025,西贝确实降价不少,积极,0.5902928234341545
5247764268325379,三三有型,Thu Dec 25 22:05:49 +0800 2025,几乎没吃过西北,消极,0.133221912332953
5247764268325379,给我一个钢镚吧,Thu Dec 25 19:23:09 +0800 2025,是的 餐饮的话品牌形象很重要,消极,0.47415358829502385
5247764268325379,还在水里游的KK,Thu Dec 25 16:58:18 +0800 2025,西贝我上次去了一次不咋地,消极,0.1850783346424988
5247764268325379,邓艾007,Thu Dec 25 22:26:50 +0800 2025,这些年确实有点儿得意忘形了,消极,0.36701461966599636
5247764268325379,柚子Theo的小世界,Thu Dec 25 22:01:04 +0800 2025,吸取教训吧，改进一下还是可以的,消极,0.4281570849784856
5247764268325379,悲伤蛙的快乐金,Thu Dec 25 18:14:02 +0800 2025,希望企业越做越好,积极,0.5246122475627999
5247764268325379,等绿灯的小蚂蚁零零发,Thu Dec 25 22:37:00 +0800 2025,终于可以沉下心来做事情了,积极,0.8939105263293896
5247764268325379,是王小萎,Thu Dec 25 21:50:34 +0800 2025,希望能做好品质,积极,0.5085291337227118
5247764268325379,一颗皮皮梨,Thu Dec 25 21:19:06 +0800 2025,这真的算是经典案例了,消极,0.32783480891278527
5247764268325379,洋洋得弈弈,Thu Dec 25 20:48:28 +0800 2025,看来贾志龙是想明白了,积极,0.552842146356852
5247764268325379,赵小妞呀呀呀呀,Thu Dec 25 20:26:29 +0800 2025,还是要抓品质,消极,0.33086710132890573
5247764268325379,砂糖橘的橘猫喵,Thu Dec 25 20:15:06 +0800 2025,老板一骄傲，企业要倒霉啊,消极,0.1068159151985554
5247764268325379,我真的是静静,Thu Dec 25 20:05:36 +0800 2025,餐饮还是最注重口碑了,积极,0.7563913463331119
5247764268325379,王小厨8888,Thu Dec 25 23:22:30 +0800 2025,做生意还是要凭良心就不会失眠,积极,0.6650853959132093
5247764268325379,我的小乖乖_玥,Thu Dec 25 18:16:20 +0800 2025,他太黑了 该的,消极,0.10275657025576834
5247764268325379,爱上乡居,Thu Dec 25 21:41:28 +0800 2025,希望总结经验教训,消极,0.24212518526510107
5247764268325379,小小美粥粥,Thu Dec 25 19:21:40 +0800 2025,这把吸取教训了。,消极,0.2134835681675879
5247727168652790,南方周末,Thu Dec 25 14:12:33 +0800 2025,贾国龙不耻于举手投降：“我认错，我向顾客认错，我向员工认错，也向我自己认错。”,积极,0.5449835990198266
5247727168652790,南方周末,Thu Dec 25 14:13:56 +0800 2025,贾国龙：“假如西贝活不下来，我绝对不会再创业了，和夫人回草原养羊，日子还得过。”,消极,0.2996117839069029
5247727168652790,南方周末,Thu Dec 25 14:11:07 +0800 2025,贾国龙：第一个错误是选择正面硬刚，说我宁愿不做生意，也要辨明是非，一定要起诉罗永浩；第二个错误是开放厨房；第三个错误是我在一个微信群聊里发言，回应同行关心，用了“网络黑社会”的说法。,消极,0.18342281692053386
5247727168652790,南方周末,Thu Dec 25 14:11:34 +0800 2025,贾国龙：坚决不硬刚，耐心听每一个顾客的意见。吵架得两个人吵，你不吵，也吵不起来。以后我也不再做个人IP，退回来认真干活。,积极,0.8345743708148916
5247727168652790,如此可爱的我们_杜添翼,Thu Dec 25 13:58:12 +0800 2025,他只是觉得自己输了，而不是觉得自己错了,消极,0.21232215818689038
5247727168652790,习惯独自一人醉,Thu Dec 25 13:13:38 +0800 2025,居然说开放厨房是错误,消极,0.19926272742365891
5247727168652790,不会说话就不讲,Thu Dec 25 13:28:58 +0800 2025,所以两岁的西兰花，隔夜的鱼，厨具捞下水道都不是错误,消极,0.13997714242118872
5247727168652790,人间拾温者,Thu Dec 25 16:03:05 +0800 2025,翻译一下：1、应该专挑软柿子。2、坚持贯彻欺瞒大众。3、骂人要在背地里骂。,消极,0.14699757849271816
5247727168652790,爱嫌弃大王,Thu Dec 25 14:04:54 +0800 2025,他还是不知道到底哪儿错了，以为只要说个软话，不开放厨房就藏好了，所以即便能重来，他还会翻船,消极,0.12111428927748577
5247727168652790,鄢敏,Thu Dec 25 13:52:07 +0800 2025,这家永远拉黑了~~~,消极,0.10170648300322559
5247727168652790,子非鱼19801,Thu Dec 25 15:17:39 +0800 2025,我不服!我只是错在没忍住!,消极,0.10749211941912197
5247727168652790,用户7734852234,Thu Dec 25 14:33:38 +0800 2025,第四，错在用了华文跟华武,消极,0.13767908149366875
5247727168652790,搬砖小长工,Thu Dec 25 15:04:31 +0800 2025,第四个错误:把前三个错误又搬上了热搜,消极,0.3000061368309643
5247727168652790,A米君,Thu Dec 25 14:42:11 +0800 2025,他低头是因为赚不到钱了,消极,0.12253052062500823
5247727168652790,大虢虢之花好月圆,Thu Dec 25 16:12:38 +0800 2025,他是后悔了吗？不是，他是少赚钱了,消极,0.10584760622057503
5247727168652790,窝DLin,Thu Dec 25 14:42:39 +0800 2025,完全不认为自己错了,消极,0.10249619829948722
5247727168652790,员外叔2012,Thu Dec 25 16:18:44 +0800 2025,一百天的反省，他总结出的问题是，自己吵架出现了战术性错误。贾国龙说如果能重来坚决不硬刚,消极,0.35728070853778887
5247727168652790,堅強的明明小萌主,Thu Dec 25 16:26:12 +0800 2025,还是没发现自己的问题在哪里,消极,0.30776061769183727
5247727168652790,孤道_西风瘦,Thu Dec 25 16:05:59 +0800 2025,还是没意思到自己错在哪了,消极,0.13999992021631438
5247727168652790,linlinlinlinlin071511,Thu Dec 25 16:59:44 +0800 2025,没救了，还是不知道错在哪里了,消极,0.14241225476493677
5247727168652790,暮有悠闲微博,Thu Dec 25 13:47:05 +0800 2025,揭开了真相，商场的餐厅 预制菜很多,消极,0.11158574277000867
5247727168652790,杨诚秋,Thu Dec 25 15:02:12 +0800 2025,上不了市看能挺多久,消极,0.13464590168897558
5247727168652790,超级无敌可爱小政政,Thu Dec 25 16:31:08 +0800 2025,正常，好好的被黑社会给弄了谁不难受,消极,0.2253679475077206
5247727168652790,维斯-磊,Thu Dec 25 16:26:33 +0800 2025,点了他家外卖，挺用心的，至少主食还是很好吃的,积极,0.8846015388293381
5247727168652790,jenny敏酱,Thu Dec 25 17:26:58 +0800 2025,不是知道错了，是害怕倒闭,消极,0.12680467120580716
5247727168652790,宇宙超级无敌BabyQ,Thu Dec 25 17:08:42 +0800 2025,向钱低头了~~,积极,0.6220933598818306
5247727168652790,龟仙人不秃头,Thu Dec 25 14:37:02 +0800 2025,下一个就是大金空调,积极,0.8683444105769496
5247727168652790,zephyr-SSS,Thu Dec 25 14:17:25 +0800 2025,这是真疼了,积极,0.8189217997896776
5247727168652790,沙漠行者2021,Fri Dec 26 01:29:30 +0800 2025,西贝就是一坨💩,消极,0.10178798138196106
5247727168652790,清青柳,Thu Dec 25 17:08:54 +0800 2025,心里仍然没有消费者…,消极,0.11051830155556276
5247727168652790,笑长拌公式,Thu Dec 25 16:15:58 +0800 2025,态度端正第一位，虽然醒悟得太晚，且可能是受损后被迫的。损失与痛感是倒逼普通人认错的主要因素，但认错总比不认错好，消费者讲理，会给机会。要摆正位置，企业是服务者，不是领袖权威英雄。超级符号只是超级假象；消费者才是真正上帝，生杀予夺，莫敢不服。西贝 罗永浩 贾国龙 华与华,积极,0.7623284217854263
5247727168652790,美味蟹堡王铁柱,Thu Dec 25 16:48:51 +0800 2025,倒闭是必然的。,消极,0.1514482485544583
5247727168652790,smith__li,Thu Dec 25 16:18:38 +0800 2025,他只觉得自己斗争策略不对，下次换个方法再跟顾客斗。,消极,0.12057320512391748
5247727168652790,丼淫淫bot,Thu Dec 25 16:09:26 +0800 2025,说白了还是觉得自己没任何问题,积极,0.8389986754417009
5247727168652790,想了半天不知道取什么ID,Thu Dec 25 16:09:23 +0800 2025,总结：傲慢,消极,0.4696972321190849
5247727168652790,翌本正经,Thu Dec 25 15:59:57 +0800 2025,如果能把罗永浩请过来当代言人就彻底赢了,积极,0.8203674124245026
5247727168652790,球霸0785,Thu Dec 25 18:40:59 +0800 2025,格局小了。应该顺便向老罗道歉。请他和他的员工来试试整改后的菜。,消极,0.1346667269810386
5247727168652790,川北小哥,Thu Dec 25 18:04:25 +0800 2025,贾国龙反思 贾国龙：好好把菜做好、服务好顾客，这才是我擅长的。 耐心听每一个顾客的意见。,积极,0.8858360241190099
5247727168652790,浅浅而欢唱,Thu Dec 25 14:12:06 +0800 2025,这样的老板支持,积极,0.887902611497168
5247727168652790,奥利给123567,Tue Dec 30 10:07:27 +0800 2025,赔钱了说错误了，刚开始不是挺厉害吗,消极,0.10313743313058339
5247727168652790,网者家,Sat Dec 27 06:23:52 +0800 2025,第4个错误，找了华与华🤣,消极,0.2815636794465446
5247727168652790,时惜2,Fri Dec 26 16:51:19 +0800 2025,老广最懂和气生财,积极,0.7104435751709388
5247727168652790,小妖精-沪,Fri Dec 26 16:48:29 +0800 2025,没用了，心已被资本买去了。,消极,0.3353776455317984
5247727168652790,FsJJJJJJJJ,Fri Dec 26 16:27:42 +0800 2025,不应该向老罗道歉吗？说明只是被打疼了，而不是知道错了,消极,0.2540823005191596
5247727168652790,巴豆宝贝,Fri Dec 26 13:41:52 +0800 2025,根本没觉得自己错了,消极,0.23185979653493954
5247727168652790,小井出,Fri Dec 26 12:41:20 +0800 2025,知道以前有一种叫西贝货的说法吗，名字可以起这个，但东西可不能是这个,消极,0.12690787433280112
5247727168652790,寒月孤星0527,Fri Dec 26 09:00:01 +0800 2025,哎！太可怕了！,消极,0.39300824346226404
5247727168652790,微眚,Fri Dec 26 07:56:02 +0800 2025,别出来说话了,消极,0.3795012324028555
5247727168652790,晨曦下的轨迹坐标,Thu Dec 25 22:40:43 +0800 2025,完了，绝口不提预制菜了,消极,0.10225517685780075
5247727168652790,阿宝玉妈,Thu Dec 25 22:20:51 +0800 2025,贾国龙说如果能重来坚决不硬刚 西贝现在的莱味道确实是不好。一个字，难吃。以前我也是西贝的常客,消极,0.10828022771289827
5247727168652790,中山梧桐,Thu Dec 25 22:05:53 +0800 2025,老板不应该这么早跳出来,消极,0.11299326834559886
5247727168652790,啡咖和草烟,Thu Dec 25 20:50:47 +0800 2025,这态度就对了,积极,0.5537872556601116
5247727168652790,雷哥侃球2023,Thu Dec 25 20:01:44 +0800 2025,还是喜欢你桀骜不驯的样子,积极,0.7977066420815646
5247727168652790,你这不纯纯的詹黑嘛,Thu Dec 25 18:26:39 +0800 2025,一篇避重就轻的软广式的采访稿件。,消极,0.10074836899098585
5247727168652790,偶尔愤青的我,Thu Dec 25 18:20:15 +0800 2025,贾国龙可以学学比格披萨的老板，探店，改正。,消极,0.32076828275335867
5247727168652790,王百万v,Thu Dec 25 18:09:03 +0800 2025,今天贾老板包场,积极,0.789793639692428
5247727168652790,自有心生,Thu Dec 25 18:03:38 +0800 2025,最终还得看性价比,消极,0.40188571745959223
5247727168652790,觉悟人生如过客,Thu Dec 25 17:13:01 +0800 2025,贾总就是贾总，还是能干事业明事理的大老板，能及时认识到问题，有错改错继续努力做好西贝，我们热爱西北20年了，继续喜欢西贝美食这一口,积极,0.8986711075451268
5247727168652790,舍得是一种因果,Thu Dec 25 16:58:44 +0800 2025,一句也没说在点子上,消极,0.10096211526800651
5247727168652790,何韬叔叔,Thu Dec 25 16:40:54 +0800 2025,是个人物,消极,0.31620625974735217
5247727168652790,木二土田,Thu Dec 25 16:24:47 +0800 2025,还有去西贝的？,积极,0.7138539192278699
5247727168652790,没有坏事发生就很好,Thu Dec 25 16:17:46 +0800 2025,退掉军师,消极,0.10782781671560039
5247727168652790,用户7746350203,Thu Dec 25 16:16:15 +0800 2025,✓，内心OS：自己不适合吵架，只适合干实事，他就不觉得这个认错也错了吗//,消极,0.3659323327088536
5247727168652790,上升的幸运热气球,Thu Dec 25 15:26:50 +0800 2025,早这个态度，事件根本不会升级激化。,积极,0.869864651051742
5247727168652790,呜哈哈哈维奇,Thu Dec 25 15:26:18 +0800 2025,吃亏了就学会了,消极,0.3303030150969972
5247727168652790,小张有梦想,Thu Dec 25 14:38:07 +0800 2025,态度变了,积极,0.7330087533948244
5247727168652790,廬陵外使,Thu Dec 25 14:28:18 +0800 2025,教训 出了问题 即使不吭声也是很好的策略,消极,0.4833810370369974
5247727168652790,暄暄2019啦啦啦啦啦,Thu Dec 25 14:26:23 +0800 2025,假如没有如果,积极,0.656764733539515
5247727168652790,howshalli,Thu Dec 25 13:16:19 +0800 2025,公关大佬就位了,积极,0.8470842392424061
5247727168652790,陆振坤,Fri Dec 26 05:18:33 +0800 2025,贾国龙说如果能重来坚决不硬刚,消极,0.38373940262389394
5247727168652790,ps阿珠,Thu Dec 25 23:01:46 +0800 2025,只是害怕了，不认为自己错了。我们还是喜欢你桀骜不驯的样子，要不你恢复下？,积极,0.7895351320288256
5247727168652790,Armstrong的航空之翼,Thu Dec 25 18:20:27 +0800 2025,华与华呢,积极,0.8772947466356555
5247727168652790,陆锡鑫,Thu Dec 25 16:34:34 +0800 2025,贾国龙说如果能重来坚决不硬刚 说白了，就是遇上了“网络黑社会”，真要硬刚也可以，要够硬、够刚才行。,消极,0.1776923197530406
5247727168652790,宸熙cx_,Thu Dec 25 16:19:13 +0800 2025,智搜分析 公众抵制并非针对预制菜本身，而是高价隐瞒加工方式（如承诺“无防腐剂”却使用含添加剂食材），叠加企业家强硬态度引发的信任危机。贾国龙说如果能重来坚决不硬刚 贾国龙说如果能重来坚决不硬刚,消极,0.34579230310807174
5247727168652790,黄金万俩2003,Thu Dec 25 16:15:09 +0800 2025,都是为了各自的利益，都不是好鸟，别他么说是为了消费者。贾与罗。,消极,0.12177866427032019
5247727168652790,贝壳_1022,Thu Dec 25 14:57:38 +0800 2025,还是没有意识到问题所在一个普通顾客评价而已，罗老板就受不了,消极,0.10451742761859391
5247727168652790,lyuuuuuuu丶,Thu Dec 25 18:13:38 +0800 2025,他不是知道错了，他只是知道钱少了,消极,0.1917483966157304
5247727168652790,北欧杠铃,Thu Dec 25 16:39:28 +0800 2025,你要当李白,积极,0.7323965390412042
5247727168652790,隔壁掌柜,Thu Dec 25 14:21:19 +0800 2025,坚决支持西贝！,积极,0.698435090736055
5247727168652790,寂寂明月心,Thu Dec 25 14:20:14 +0800 2025,服务行业刚啥，除非自己滴水不漏,消极,0.13293515136956977
5247727168652790,汤圆圆happyanyway,Thu Dec 25 14:20:11 +0800 2025,之前对消费者太傲慢了，如果一早是这个态度也不会弄成这样,消极,0.12525177637616292
5247727168652790,日久他乡如故乡,Mon Dec 29 16:01:28 +0800 2025,"资本家就是资本家,说变就变",积极,0.7566991497244203
5247727168652790,冰开偶得,Fri Dec 26 16:31:32 +0800 2025,早点倒闭吧不知道错在哪,消极,0.12765343232962525
5247727168652790,猫六子ONE,Fri Dec 26 15:45:17 +0800 2025,西贝还没倒闭吗？,积极,0.7801138704126771
5247727168652790,秃头法师张有钱,Fri Dec 26 12:44:47 +0800 2025,他的错误是傲慢,消极,0.12003479715251605
5247727168652790,山行之_,Fri Dec 26 11:10:00 +0800 2025,拒不承认自己使用预制菜，后来被揪出使用大量预制菜，没错；用“罗永浩菜单”羞辱罗永浩，给罗永浩各种贴标签，没错；后厨各种卫生问题，没错；一个馒头卖21，没错；厨师长没有厨师证，没错，反正都没错，还承认啥错误？,消极,0.10239604970430877
5247727168652790,我只知道点赞,Fri Dec 26 11:01:19 +0800 2025,自始至终也没觉得自己错了。,积极,0.8687749252424624
5247727168652790,feis1987,Fri Dec 26 10:41:05 +0800 2025,大清早刷到这个,积极,0.8541013878199465
5247727168652790,骁宸哥哥,Fri Dec 26 09:31:47 +0800 2025,他是怕了，不是知道错了。,积极,0.5631498515269442
5247727168652790,jasonwang9158,Fri Dec 26 08:40:31 +0800 2025,错就错在以为老子天下第一，天不怕地不怕，怕你个罗永浩,消极,0.32229851057970915
5247727168652790,爱走路的哥,Fri Dec 26 07:09:37 +0800 2025,西贝这件事，老罗是对的,积极,0.8314166824515269
5247727168652790,小西门菌,Fri Dec 26 03:22:14 +0800 2025,“还有心得...”,积极,0.6747424181616225
5247727168652790,keywestinn,Fri Dec 26 00:33:25 +0800 2025,还不都是自己作的,消极,0.10218516058148305
5247727168652790,惠荣VS0769,Fri Dec 26 00:20:36 +0800 2025,他不知道错在哪,消极,0.11832157911296688
5247727168652790,木米女666,Fri Dec 26 00:11:59 +0800 2025,雷军应该看看贾老板这段话,积极,0.8773418636255684
5247727168652790,飞翔的菜鸟-贺,Thu Dec 25 22:41:04 +0800 2025,我从这件事中学会了明厨亮灶也可以是预制菜。。。。,积极,0.8681314080795346
5247727168652790,月亮忘记了1222,Thu Dec 25 22:28:32 +0800 2025,先把饭做好吃点吧真的觉得不好吃,消极,0.11475976546952729
5247727168652790,船到桥头自123456,Thu Dec 25 19:40:58 +0800 2025,如果能重来，我要选李白，因为李白不吃预制菜,消极,0.1760818076762204
5247727168652790,renze8,Thu Dec 25 19:16:33 +0800 2025,是不是被华与华那小子忽悠了,消极,0.10406758275488585
5247727168652790,落叶下长安_,Thu Dec 25 19:15:28 +0800 2025,翻译：用预制菜没错！👍,积极,0.8372742209924695
5247727168652790,爱润爱涵,Thu Dec 25 19:13:21 +0800 2025,可别让他说话了,消极,0.12099714799575445
5247727168652790,可能是正版软件的受害者,Thu Dec 25 19:07:40 +0800 2025,&quot;也要明辨是非&quot;。,消极,0.2829081071413271
5247727168652790,南昌到天门的阿诺,Thu Dec 25 18:43:21 +0800 2025,我33岁，米粉也叫我老登阿，58岁那不得……,消极,0.2805503314214768
5247727168652790,踩对节奏,Thu Dec 25 18:33:25 +0800 2025,说了半天，就不承认两年预制西兰花有问题,消极,0.10422937310584511
5247727168652790,沧海一声笑哈哈笑哈哈,Thu Dec 25 18:33:11 +0800 2025,预制菜的成本 卖现炒的价格 中间利润比苹果手机还大吧,消极,0.17800373177435092
5247727168652790,小薰ta爹,Thu Dec 25 18:28:50 +0800 2025,还是贵啊贾老板,消极,0.4143219609501493
5247727168652790,JACKY辰初,Thu Dec 25 18:18:04 +0800 2025,今年广东外语外贸大学考研还考到怎么怎么用危机公关来分析西贝事件,积极,0.8599045718422786
5247727168652790,Zz_--_zZ,Thu Dec 25 18:00:01 +0800 2025,招笑,积极,0.7862921760754744
5247727168652790,心头灬肉,Thu Dec 25 17:56:57 +0800 2025,是认错了还是认输了其实无所谓，跟你我有啥关系，爱吃不吃的事，但他说的确实都是实话……至于阅读理解嘛就见仁见智了……,积极,0.888614332832347
5247727168652790,卡皮跟鸭子一样,Thu Dec 25 17:56:00 +0800 2025,大众对于预制菜的认知和餐饮人对于预制菜的认知是不同的。,消极,0.3275897404438005
5247727168652790,用户6410030421,Thu Dec 25 17:52:10 +0800 2025,还是没有承认吧,消极,0.16432486365597287
5247727168652790,奉天er,Thu Dec 25 17:50:31 +0800 2025,这个回答，就是华与华书里写的应对方法，结果实际上遇到事了火上浇油,消极,0.2533140488156278
5247727168652790,炸_炸_,Thu Dec 25 17:41:16 +0800 2025,开涮羊肉吧,积极,0.6783814208483392
5247727168652790,hereishan,Thu Dec 25 17:36:14 +0800 2025,国宴也用预制菜不,消极,0.485854103179733
5247727168652790,茶茶宁宁,Thu Dec 25 17:30:53 +0800 2025,归结于冲动？那他还是没认识到根本问题啊,消极,0.1052211346135682
5247727168652790,字贯之,Thu Dec 25 17:30:40 +0800 2025,感觉他在表示现在学会吵架了。,积极,0.6236599815904356
5247727168652790,字贯之,Thu Dec 25 17:29:37 +0800 2025,还西贝呢，楼下麻辣烫，我就没拿多，一计价43，还是自己做饭吧。,消极,0.32478183225620966
5247727168652790,创意药丸,Thu Dec 25 17:28:29 +0800 2025,他根本没明白自己错在哪？,消极,0.10221767908648571
5247727168652790,Maynext,Thu Dec 25 17:25:53 +0800 2025,感谢老罗，把价格打下来了,积极,0.8957611955589329
5247727168652790,逗牛的虎,Thu Dec 25 17:20:42 +0800 2025,社会会教他做人,消极,0.3713928848251662
5247727168652790,与尔同扯万古淡D,Thu Dec 25 17:19:43 +0800 2025,临终遗言 其言也善,积极,0.8276449535966549
5247727168652790,猫粮中转站,Thu Dec 25 17:18:15 +0800 2025,他有点明白了但明白的东西不大对啊,消极,0.4899039232166359
5247727168652790,世界它就是一个巨大的草台班子,Thu Dec 25 17:11:31 +0800 2025,就如同：你错哪了，我哪都错了，实际上还是并不知道自己错哪了。,消极,0.4858069713045552
5247727168652790,欲回天地入扁舟123,Thu Dec 25 17:03:50 +0800 2025,这就是通过媒体来测试下市场的反应,消极,0.4928075600514482
5247727168652790,目田佳,Thu Dec 25 17:02:54 +0800 2025,接受这个采访是错上加错,消极,0.11270432958955315
5247727168652790,纳木错夏日的风,Thu Dec 25 17:02:45 +0800 2025,登味十足吧,积极,0.8372894161123241
5247727168652790,木瓜思存,Thu Dec 25 16:59:01 +0800 2025,说明他还没彻底认识到自己的错误,消极,0.24240862386481865
5247727168652790,真贵的大猫熊,Thu Dec 25 16:57:42 +0800 2025,这等于一步都没对过啊,消极,0.10140405971151424
5247727168652790,一__人鱼鱼,Thu Dec 25 16:56:35 +0800 2025,所以你做的都是错的,消极,0.10563507899263666
5247727168652790,石博仲,Thu Dec 25 16:53:25 +0800 2025,他还是不明白大众，他还是高高在上的态度，根本不是认错，她是认输而已,消极,0.19102230473506154
5247727168652790,不胖二十斤不改昵称6516,Thu Dec 25 16:50:22 +0800 2025,南方周末持续发力中,积极,0.8782819577875017
5247727168652790,爱吃樱桃呀-1,Thu Dec 25 16:49:57 +0800 2025,南方周末你真呵呵！,消极,0.11635881682499119
5247727168652790,寄乐轩,Thu Dec 25 16:42:55 +0800 2025,他还是不知道哪错了,消极,0.14994735368672985
5247727168652790,难得糊涂12138,Thu Dec 25 16:33:49 +0800 2025,贾总，都老江湖了，一激就上头,消极,0.10942309935480961
5247727168652790,有活力的榴莲,Thu Dec 25 16:31:35 +0800 2025,在外面吃饭 西贝是首选 特别喜欢吃他家的主食 最爱奶酪饼,积极,0.8995427816787128
5247727168652790,铁铁的铁,Thu Dec 25 16:29:38 +0800 2025,因为硬刚只能让他倒闭的更快，他心里明净的,消极,0.1958795474751635
5247727168652790,Im_oky,Thu Dec 25 16:28:36 +0800 2025,第二个错误是开放厨房,消极,0.3358367093318684
5247727168652790,猫帽儿,Thu Dec 25 16:27:03 +0800 2025,太自我了，当老大当太久了，感谢罗永浩把他打醒了，回到了现实中,消极,0.4463583030413133
5247727168652790,随心听雨i,Thu Dec 25 16:24:43 +0800 2025,人家都这么想了，就这还很多人吃呢，我是吃了一次感觉不值,消极,0.10643063863701356
5247727168652790,用户7301602524,Thu Dec 25 16:19:58 +0800 2025,第一选择硬钢没有错，错的是你根本没真的拿消费者当你的顾客去对待这个可以详细说很多，第二你开放厨房也没有错，但是你根本不了解你的餐厅就盲目自信这是你的错。最后一点不评价。,消极,0.171458116444777
5247727168652790,123kuku123,Thu Dec 25 16:19:11 +0800 2025,不会去吃,积极,0.5932960354534884
5247727168652790,Sunshine您好,Thu Dec 25 16:17:59 +0800 2025,解铃还须系铃人！,消极,0.22835231168233727
5247727168652790,爱做梦的云爱吃,Thu Dec 25 16:17:26 +0800 2025,换了公关公司,积极,0.819659162817743
5247727168652790,真的是男生05,Thu Dec 25 16:15:26 +0800 2025,又奠定了“罗永浩全胜战绩”,积极,0.8167175497136242
5247727168652790,i钢铁男子,Thu Dec 25 16:15:11 +0800 2025,广大中国人民会叫你做人。,消极,0.4708352321998568
5247727168652790,海月幻梦,Thu Dec 25 16:14:20 +0800 2025,看来是老了 说的越多错的越多，咋又接受采访了,消极,0.1419576355861819
5247727168652790,晴天大猫,Thu Dec 25 16:14:05 +0800 2025,大哥，临河不是县城，地级市怎么就成县城了,积极,0.5341131004836028
5247727168652790,nj辉飞湮灭,Thu Dec 25 16:13:09 +0800 2025,错误倒着说,积极,0.6832714183833672
5247727168652790,月夜小轩窗,Thu Dec 25 16:12:57 +0800 2025,最大的错误不是欺瞒消费者吗，所有事情都因此而起啊，不过也是，不可能承认的,消极,0.11866232528409171
5247727168652790,徐涯角,Thu Dec 25 16:12:48 +0800 2025,老贾也是人才,积极,0.8056271059213032
5247727168652790,用户8398795,Thu Dec 25 16:11:00 +0800 2025,挨打就要立正,积极,0.8308195263263769
5247727168652790,我们村发言人,Thu Dec 25 16:07:45 +0800 2025,开放厨房是错误。呵,积极,0.5842930638184498
5247727168652790,vitamjn言,Thu Dec 25 16:03:34 +0800 2025,还是没有意识到自己的问题,消极,0.4200496256673176
5247727168652790,小贱豆儿2012_539,Thu Dec 25 16:01:35 +0800 2025,现在才反应过来这才是正确的舆情处理方式啊,积极,0.848949433467908
5247727168652790,静雨轩,Thu Dec 25 16:00:06 +0800 2025,错误不在预制菜，是藏的不够好。,消极,0.2299106931981295
5247727168652790,昨夜一棵开花的树,Thu Dec 25 15:35:39 +0800 2025,"&quot;第二个错误是开放厨房&quot;,会不会再上热搜？！",消极,0.4978283252798683
5247727168652790,敬止的小世界,Thu Dec 25 15:30:12 +0800 2025,他们现在就是地主阶级,积极,0.5178967754068053
5247727168652790,我等不及星期四的到来,Thu Dec 25 15:20:16 +0800 2025,到现在他还不知道自己错在哪,消极,0.4117283121352301
5247727168652790,想去看福宝和爱姐,Thu Dec 25 15:00:07 +0800 2025,这回的回答挺实在了，是换公共公司了吗,积极,0.8257822614301205
5247727168652790,许晓辉,Thu Dec 25 14:57:13 +0800 2025,很坦诚的访谈，这么深刻的自我剖析其实挺难的。降价之后，我最近连续三天订的西贝外卖。贾国龙反思,积极,0.8921451655278474
5247727168652790,炒苞谷不炒花生,Thu Dec 25 14:56:46 +0800 2025,吃连锁陕西的那个老碗会的油泼面总是感觉温度不像刚做好的，是先烫好的面直接上浇头吗？,积极,0.871424402362436
5247727168652790,搞钱女孩Fay,Thu Dec 25 14:52:08 +0800 2025,这么久了 才想通。挨,消极,0.4960807824943657
5247727168652790,用户8318033953,Thu Dec 25 23:12:16 +0800 2025,第二个错误？看来还是没认识到错在哪,消极,0.19445376125166258
5247727168652790,记录认知升级之路,Thu Dec 25 17:32:24 +0800 2025,为了生意连自己的是非都不要了,消极,0.10254206284002323
5247727168652790,谁拉黑谁司马,Thu Dec 25 16:09:45 +0800 2025,现在一个新错误，就是把这些心里话发到网上,消极,0.1334165025685022
5247727168652790,工匠精神付守永,Thu Dec 25 20:29:49 +0800 2025,军师滑跪速度超级快，军师给贾老板错误指令，两大大脑袋为了拿订单，拍马溜须，让老板产生错觉,消极,0.11311459723184973
5247727168652790,用户7914815491,Thu Dec 25 18:57:53 +0800 2025,一个人的性格哪里会那么容易改,消极,0.13672611002327417
5247727168652790,忠臣虑难以立权,Thu Dec 25 17:29:04 +0800 2025,不做生意也要硬刚，愿望实现你又不高兴了,消极,0.10479048340995516
5247727168652790,大先生Gik-Z,Sun Dec 28 07:17:02 +0800 2025,换个名重新开.接着预制，,消极,0.199178114533899
5247727168652790,用户7527887512,Fri Dec 26 02:17:50 +0800 2025,他擅长的也是做预制菜啊，有啥好吃的，现在其他菜馆现炒的都很好吃,积极,0.8552268405208707
5247727168652790,小城故事3513,Thu Dec 25 20:10:17 +0800 2025,西贝在中餐中算很好的了,积极,0.8347874450515974
5247727168652790,岁月无痕天道,Thu Dec 25 19:39:20 +0800 2025,新年献词。,消极,0.31160951747252863
5247727168652790,跟着威哥混一天吃三顿,Thu Dec 25 16:18:50 +0800 2025,大家给他个机会，让他做大做强，再创辉煌,消极,0.2886370358634578
5247727168652790,熊豆大叔,Thu Dec 25 16:16:59 +0800 2025,华与华呢？,消极,0.285748169118903
5247727168652790,我才是萌新啊_,Thu Dec 25 16:14:13 +0800 2025,现在饭点路过的时候排队的人还是很多,积极,0.7781083479019912
5247727168652790,AI鱼米,Thu Dec 25 15:20:42 +0800 2025,每日三省吾身，老贾想通了,积极,0.8883965834353631
5247727168652790,哎艾AA,Thu Dec 25 14:57:58 +0800 2025,看来损失还能承受，身边的人也还是拉不住,消极,0.41338154070052724
5247727168652790,翘屁马喽,Thu Dec 25 14:21:13 +0800 2025,贾国龙说如果能重来坚决不硬刚【沉默100天后，贾国龙首次回应西贝预制菜风波 现在还有人吃西贝吗？真诚发问,积极,0.5195783204298806
5247727168652790,陈深漾,Fri Dec 26 10:19:06 +0800 2025,网上吵架的招数：对方发狠你卖萌，对方说东你说西，对方如占理你揪小辫子，对方讲道理你就搞情绪，对方搞情绪你就扣帽子。总之不能情绪上头、义正辞严跟着对方的节奏走。发现节奏不对就要另起话题，把对方带进来。,消极,0.2530649917699741
5247727168652790,青年李正经,Thu Dec 25 17:54:47 +0800 2025,再一次证明了是个早已和时代和社会脱节的特别纯粹的纯傻b和纯老登。,消极,0.10040569283388777
5247727168652790,付亮的竞争情报应用,Thu Dec 25 15:24:38 +0800 2025,南方周末：现在你发现自己犯了哪些错误？贾国龙：第一个错误是选择正面硬刚，说我宁愿不做生意，也要辨明是非，一定要起诉罗永浩；第二个错误是开放厨房；第三个错误是我在一个微信群聊里发言，回应同行关心，用了“网络黑社会”的说法……还有一个更大的错误，我长期忽视顾客的声音流程审计超话,消极,0.20520848859531193
5247727168652790,香菜牛肉2016,Thu Dec 25 15:08:34 +0800 2025,不开放厨房，就不会被抓住把柄，也就可以继续忽悠一众傻缺顾客,消极,0.1086116252095665
5247727168652790,bobrain,Thu Dec 25 15:03:28 +0800 2025,“第二个错误是开放厨房”这个不应该是内部总结讲的吗？笑不活了,消极,0.17338791472451898
5247727168652790,妙也不对,Mon Jan 26 07:05:12 +0800 2026,不再打造个人ip，说明开始想蹭流量是真。那一系列骚操作都说得清楚原因了——不是轴，而是想流量。,积极,0.5216355731609639
5247727168652790,用户7941194761,Thu Jan 22 20:44:21 +0800 2026,老贾呀，本性难改，还会一样。,消极,0.14292084577135963
5247727168652790,无语FLM,Fri Jan 16 13:43:11 +0800 2026,明辨是非就是你的菜木有锅气，公开后就得淘汰,消极,0.10143270194766676
5247727168652790,用户7744597670,Thu Jan 15 19:05:16 +0800 2026,开放厨房是错的，因为老底被迅速掀了,消极,0.25118936188157037
5247727168652790,用户zxdfg14xd256awer,Tue Dec 30 01:25:31 +0800 2025,打铁还需自身硬,消极,0.23052032429905078
5247727168652790,日出星寞,Sat Dec 27 12:33:51 +0800 2025,而且这人或者这公司真的蠢，这么久还这种说辞。他开放厨房当时是有点蠢，但这事一直做就是无比正确的事，他这会还认这个错，真蠢。,消极,0.10117743855288376
5247727168652790,冰开偶得,Fri Dec 26 16:30:12 +0800 2025,这样的老板没救了，以次充好的产品卖高价欺骗顾客，隐瞒事实是核心错误一句不提。还暗搓搓的甩锅给罗永浩，和自己开放后厨让大家看到,消极,0.10117865889416745
5247727168652790,A-haaa,Fri Dec 26 16:07:07 +0800 2025,最大的错误难道不是撒谎说不是预制菜么，西贝可能不该死，但这老比登真是个无赖。,消极,0.10267586809198836
5247727168652790,RAY瑞天堂_328,Fri Dec 26 14:20:34 +0800 2025,不是，你确定老贾是真心认错啊？ 1，他觉得错误是在跟老罗“选择正面硬钢“? 那他的意思是说，应该软处理，但是对预制菜的本质控诉，举重避轻？ 2，开放厨房 也是错误？是老贾压根对自己的餐厅菜品了解不深，才会导致 他错误的认为自己确实不是预制菜吧？开放没错啊，错在你确实预制菜。,积极,0.5160396036424686
5247727168652790,好爱芝士喔,Fri Dec 26 12:56:52 +0800 2025,顾客没起诉你，你还起诉说实话的，谁是黑社会啊,消极,0.10561282960263578
5247727168652790,用户6410449445,Fri Dec 26 11:20:31 +0800 2025,对此人厌恶就是他对预制菜的否认和对质疑自己菜品的顾客的诋毁。这篇采访所谓的“道歉”，事实只是认为自己的应对策略的检讨，并非真诚道歉，他是认为自己输了，不是认为自己错了！,消极,0.10728623017529627
5247727168652790,用户7751664525,Fri Dec 26 08:23:17 +0800 2025,之前也很抵制预制菜，后来发现能搞好食材健康卫生的饭店太少了，西贝老板错在价格太高。现在很多饭店后厨脏乱差，和垃圾场没区别，食材也是配送的劣质食材，员工上厕所不洗手，比吃预制菜更恶心。脏差菜比预制菜更可怕,消极,0.10420758994406217
5247727168652790,庸人13号,Fri Dec 26 06:08:12 +0800 2025,坦白说，根本就没认识到自己的问题，从来都是欺负消费者，有人说出来，他要是有权利有能力弄死别人，他一定会做的……,消极,0.11067858771511407
5247727168652790,后街煎蛋面,Fri Dec 26 03:51:11 +0800 2025,他并没有认错，他只是知道西贝要垮了，呸！,消极,0.1953996803604241
5247727168652790,小小兔小,Fri Dec 26 03:22:03 +0800 2025,假老板的智商怎么让西贝发展到几百家店的？看来还是时代的功劳啊，猪都曾飞上天了,消极,0.1011348129036127
5247727168652790,与山巨源书08,Fri Dec 26 00:32:21 +0800 2025,他不是知道自己错了，而是明白自己快要死了而已，道歉，开玩笑呢。,消极,0.11654244396834533
5247727168652790,宁列,Fri Dec 26 00:06:25 +0800 2025,咋不继续嚣张了？,消极,0.1226741349224844
5247727168652790,京城喜事2016,Thu Dec 25 22:31:56 +0800 2025,老登现在开始玩计谋了 嘴上服软私底下豢养了一条疯狗 天天在咬,消极,0.10695567072296955
5247727168652790,SHIMANOEJ,Thu Dec 25 21:49:58 +0800 2025,认怂,消极,0.148394431576218
5247727168652790,唐詩宋詞網,Thu Dec 25 21:19:05 +0800 2025,一个连锁公司的老板有这样不聪明的头脑又给企业带来这么大的负面新闻也是醉了,消极,0.10206605427016396
5247727168652790,曾向夜那么黑,Thu Dec 25 21:18:11 +0800 2025,翻译：1、应该挑软柿子捏，2、应该私下用预制菜，3、应该背地里说坏话。,消极,0.10813199505314952
5247727168652790,瞭望速递,Thu Dec 25 20:40:19 +0800 2025,因为输了的人才会回头，他自以为是的不是预制菜这句话一下把他打回原形了是就承认关键还一直嘴硬，开放厨房这样一来房塌了。教训呀！,积极,0.504411423428985
5247727168652790,错误的乐观胜于正确的悲观,Thu Dec 25 20:36:10 +0800 2025,就凭你聘请的策划公司就能看出来你的水平很陋了,消极,0.17100673151943915
5247727168652790,slkldjf,Thu Dec 25 20:28:30 +0800 2025,贾国龙说如果能重来坚决不硬刚 滚蛋！再也不吃！//,消极,0.1090181703000849
5247727168652790,香爸的生活,Thu Dec 25 20:02:33 +0800 2025,只是因为杠输了才会说这种话！如果赢了此刻还不知狂妄成什么样呢！,消极,0.30146305992024747
5247727168652790,-可是我偏偏就是不想要轉彎-,Thu Dec 25 19:55:13 +0800 2025,开放厨房是错误是什么鬼,消极,0.15750217628351987
5247727168652790,出去浪,Thu Dec 25 19:29:35 +0800 2025,呵呵，反思的都是战术上的问题，实质上是自我的膨胀导致身边已然没有一个“谏臣”了！,消极,0.49136672292483397
5247727168652790,有排面得开雅迪,Thu Dec 25 19:06:16 +0800 2025,恬不知耻。还能登堂入室。,消极,0.10107402447240474
5247727168652790,苦逼的郭郎中,Thu Dec 25 19:04:00 +0800 2025,就这种企业家，这种觉悟，能是个什么企业？以前没去过，以后也不会去。,消极,0.10376436742797741
5247727168652790,来去之迹,Thu Dec 25 18:44:37 +0800 2025,杀人不过头点地，原谅你了，好好炒菜吧,消极,0.17348152833243158
5247727168652790,写点东西作记忆of向终结冲刺版,Thu Dec 25 18:22:20 +0800 2025,其实要扭转颓势很简单，上老罗的脱口秀，向广大消费者诚恳道歉，讲讲以后怎么做，实在地讲讲，说说大实话。这效果，立马爆炸？,积极,0.7986296580933867
5247727168652790,我醉咖啡___,Thu Dec 25 18:01:16 +0800 2025,人怎么能脸皮厚成这样。。,消极,0.11278607729648725
5247727168652790,Zero_启,Thu Dec 25 17:59:09 +0800 2025,第一点，道理上我是对的，但恶势力太强，不能硬刚; 第二点，我的厨房没问题，但没想到有一群鸡蛋里挑骨头的坏人，所以不应该开放; 第三点，倒是算认错了，他应该也意识到了大多数人并不站他这边，用网络黑社会骂的人太多了。,消极,0.37067309414582894
5247727168652790,沐也007,Thu Dec 25 17:56:44 +0800 2025,它不是觉得自己错了，它是觉得自己要死了。,消极,0.10777717939361774
5247727168652790,像sk一样活下去,Thu Dec 25 17:51:54 +0800 2025,最大错误难道不是找了个垃圾营销公司？傲慢得不行,消极,0.10177084796272877
5247727168652790,永不坠落的黑眼圈,Thu Dec 25 17:50:01 +0800 2025,并没发现自己错了 只是觉得快死了 嘴还是要软一点,消极,0.3030877869787245
5247727168652790,干戚舞2020,Thu Dec 25 17:35:55 +0800 2025,记住传统教训：好鞋不踩臭狗屎,消极,0.1274517157164459
5247727168652790,巴斯光明,Thu Dec 25 17:32:18 +0800 2025,以前西贝吃完，结账时候服务员都会问一句，哪个菜不满意，不满意立马退。现在屁都不敢说了,消极,0.11434407884206968
5247727168652790,ananshao,Thu Dec 25 17:29:09 +0800 2025,不过是向资本服软了，他有向广大消费者真诚道歉了吗？,消极,0.19744273772814702
5247727168652790,宁采4620,Thu Dec 25 17:26:31 +0800 2025,本来吧，这所谓“反思”看起来还是挺诚恳的。但是紧接着就刷到铺天盖地的差不多的文案。只能说，反思了个寂寞,消极,0.24009275125135598
5247727168652790,好大一只犀牛角,Thu Dec 25 17:24:50 +0800 2025,犯最大的错误是不诚实，狡辩西贝不是预制菜,消极,0.11912824473110939
5247727168652790,-来看热闹-,Thu Dec 25 17:21:20 +0800 2025,支持这种人的这辈子有了,积极,0.8293359720978088
5247727168652790,重伤之下必有勇夫,Thu Dec 25 17:21:12 +0800 2025,不是向消费者认错，不是向法律法规认错，是向钱认错。没顾客去，没钱挣心疼了，嘴也不硬了。,消极,0.107737136660283
5247727168652790,红薯包谷屁,Thu Dec 25 17:15:19 +0800 2025,不是认识到错误，是生意快4️⃣了后悔了,消极,0.10411878856933071
5247727168652790,五月WOW,Thu Dec 25 17:13:59 +0800 2025,怎么才100天就怂了？你之前很刚的呀？,消极,0.10760167536087555
5247727168652790,伊宁小鹿酱,Thu Dec 25 17:07:30 +0800 2025,脑子良心都无药可救,消极,0.11554465449135021
5247727168652790,猫猫猫小鲤,Thu Dec 25 17:05:37 +0800 2025,你别说，他还都承认错误了，中年男子能这样也不容易吧？,消极,0.1488419507091204
5247727168652790,静女集汉服摄影-阿超,Thu Dec 25 17:00:47 +0800 2025,人教人，教不会，事教人，一次会。,消极,0.10696610445363988
5247727168652790,张仪执白子,Thu Dec 25 16:56:52 +0800 2025,为啥还要接受采访啊。这不是在犯第四个错误吗？,消极,0.11685998833693408
5247727168652790,茶小怪,Thu Dec 25 16:49:58 +0800 2025,死不悔改，还觉得是别人的问题，这只是让人失望的开始,消极,0.10060880082275028
5247727168652790,oOo听妈妈的话oOo,Thu Dec 25 16:39:20 +0800 2025,别啊！就想看你桀骜不驯的样子！,消极,0.12479341986613689
5247727168652790,Jam哥哥丶,Thu Dec 25 16:30:18 +0800 2025,你现在也在硬刚,消极,0.49361364493215665
5247727168652790,不予时光度_流年,Thu Dec 25 16:29:16 +0800 2025,别说话了，祸从口出，说的越多，错的越多,消极,0.2320220038575
5247727168652790,律政大威德金刚,Thu Dec 25 16:29:11 +0800 2025,贾国龙说如果能重来坚决不硬刚 欲加之罪 何患无辞！西贝一直在默默的做，不擅长说，这是西贝人贾国龙的特点。 要说问题，是需要反思，埋头干活儿的人，在铺天盖地的质疑声四起时，缺乏对大众的声音的听见，对行业食品安全担忧的看见。 西贝在全国各地的担忧和公众监督中，全国各地的西贝门店接受了80 ...全文,消极,0.48915237153069524
5247727168652790,射手座Mephistopheles,Thu Dec 25 16:27:52 +0800 2025,根本没认识到自己错了，他真正的错误是糊弄消费者！,消极,0.10560556072593448
5247727168652790,焱森森淼淼,Thu Dec 25 16:23:11 +0800 2025,鼻涕流到嘴里知道甩了,消极,0.1073985487062692
5247727168652790,汪星人de魔童闹海,Thu Dec 25 16:22:22 +0800 2025,你看，他觉得开放厨房是个错误。这根本不是认错的态度！合着没发现两岁的西蓝花，就没有错（西）呗。。,消极,0.1554448115937169
5247727168652790,屹立于悬崖上的红花,Thu Dec 25 16:22:00 +0800 2025,他还是没学聪明，又出来乱说话了,消极,0.15696011525577655
5247727168652790,耐吃乔克利呀_,Thu Dec 25 16:21:08 +0800 2025,赚不到钱了，知道自己输了，不是自己错了！ 这家伙一肚子鬼水呢！,消极,0.10081677575063622
5247727168652790,HiHUANG,Thu Dec 25 16:21:03 +0800 2025,别提了西贝，包间大厅搞AB菜单，包间菜单不显示小份羊腿，问就是只要点了就可以有。,消极,0.14467266986135432
5247727168652790,山花烂漫5555,Thu Dec 25 16:20:49 +0800 2025,他到现在都不知道问题出在哪里了，老天爷啊,积极,0.6833835418364999
5247727168652790,八卦A哔哔,Thu Dec 25 16:19:57 +0800 2025,所以不认为欺骗客户预制菜是错误的，只是认为冲动嘴硬，还有开放厨房是错误的？这算真的认识到失去客户的根本原因吗？,消极,0.1035194401197778
5247727168652790,shine317的微博,Thu Dec 25 16:18:10 +0800 2025,意思就是，如果不硬钢，消费者就不会知道保质期两年的西蓝花，西贝就能能继续美美地赚黑心钱，看来硬钢是真的让自己的营业额受损了，该！,消极,0.11429422235063107
5247727168652790,momo来了2023,Thu Dec 25 16:17:36 +0800 2025,你没有错，支持起诉不能向黑社会低头🙇🏻,消极,0.48872291869109863
5247727168652790,流苏雪_,Thu Dec 25 16:16:05 +0800 2025,是这个原因吗？难道不是你的东西不行而且还卖高价吗？,消极,0.1035234621319425
5247727168652790,倔强的小炸毛,Thu Dec 25 16:15:38 +0800 2025,所以，他还是觉得被这个社会欺负了，是自己吵架没吵赢，而不是把预制菜当现炒菜，并且卖那么贵。错的还是网友，太厉害了，他吵不赢，所以认错不该吵？？,消极,0.12230036374917655
5247727168652790,JemmyshenUP,Thu Dec 25 16:14:37 +0800 2025,你的错只有一个，死犟,消极,0.18099630373962938
5247727168652790,不死终相见,Thu Dec 25 16:11:51 +0800 2025,硬刚？不是自己自爆？,消极,0.1035735195279153
5247727168652790,HsuSssu,Thu Dec 25 16:10:36 +0800 2025,你不开餐馆大把人开,消极,0.13257629831020837
5247727168652790,基缇阿陆,Thu Dec 25 16:08:12 +0800 2025,一句不提睁眼说瞎话,消极,0.10099758937987019
5247727168652790,我爱焦道荣,Thu Dec 25 16:05:27 +0800 2025,西贝的错，是没有摆正自己的位置，把消费者的智商按在地上摩擦，我是一个消费者，不站队，老罗和西贝，是预制菜就是预制菜，这个没有问题，问题是你卖着预制菜的东西，价格不是预制菜的加码，还要教育消费者，如果贾国龙是消费者，西贝对你这样的态度，你自己能接受吗？,消极,0.11744724134128977
5247727168652790,by莉莉安,Thu Dec 25 15:53:35 +0800 2025,西贝预制菜风波100天后贾国龙现状贾国龙至始至终都没有认错，即便到现在老贾也不承认他的西贝是预制菜！他不是认错，只是认怂！消费者不吃他的预制菜了，跑来卖惨认怂而已！ ​​​还有，他说的中央厨房在哪里？,消极,0.11772823372706488
5247727168652790,秉猫夜行,Thu Dec 25 15:42:43 +0800 2025,还是觉得自己冤,消极,0.15776528493848363
5247727168652790,蔷薇de另存,Thu Dec 25 15:40:18 +0800 2025,餐饮人忍不了他对着镜头装模作样说那这个上菜不好看宁愿废掉也不要卖。那个店长很有预见性地在合法消耗多的物料了，我想他们内部也是有培训的，然后呢？老板做个秀你之前干啥都是放屁，镜头前骗观众，月报一拉再问责为什么没有提前干预消耗多余食材,消极,0.13820296822996928
5247727168652790,Becall-Z,Thu Dec 25 15:40:12 +0800 2025,笑死 就不知道错哪里吗,积极,0.5582311516600384
5247727168652790,Jesuschrist31,Thu Dec 25 15:39:20 +0800 2025,错误地承认错误的错误负负更TM负,消极,0.1337207114502433
5247727168652790,大英雄吃棒棒糖,Thu Dec 25 15:36:57 +0800 2025,嘴不怂，还是没认识到错误啊,消极,0.12020554594473369
5247727168652790,双鱼驭风而行,Thu Dec 25 15:35:29 +0800 2025,第一个错误不是虚假宣传吗？预制菜问题吗？？！！！,消极,0.11013196670927061
5247727168652790,喂大juner,Thu Dec 25 15:32:11 +0800 2025,我不是知道错了。我只是知道再不认错就真死了,消极,0.37888573558181804
5247727168652790,蜡人的天空,Thu Dec 25 15:26:34 +0800 2025,大众消费品出舆情标准回应就是先道歉整改，消费者是出钱的,消极,0.12728938792355035
5247727168652790,Coki鳞,Thu Dec 25 15:25:47 +0800 2025,两岁西兰花，迟早暴雷。纸包不住火。不做亏心事，不怕鬼敲门。,消极,0.4175488297480001
5247727168652790,Unique_Jay2028,Thu Dec 25 15:22:43 +0800 2025,开放厨房是错误！？？ 再次自我鞭刑，老贾果然每次都会把自己推进更深层次的深渊,消极,0.1303647949927275
5247727168652790,戒急用忍易潜龙,Thu Dec 25 15:21:19 +0800 2025,还揪着国家标准是吧，好好好，死不认错,积极,0.7492361060758412
5247727168652790,我们的幸福路,Thu Dec 25 15:14:36 +0800 2025,这是给他及其公关团队一个重新认识网络和反省自己的机会，坦诚解决问题，稳妥应对舆情，对恶意使坏的也不能客气，另外，再遇到老罗之流当知道如何应对。,积极,0.8126806611701142
5247727168652790,酿夏行者,Thu Dec 25 15:11:16 +0800 2025,开放厨房是个错误，说明还有遮掩之心，还想忽悠顾客！,消极,0.10582781542208768
5247727168652790,Returningoff,Thu Dec 25 14:55:23 +0800 2025,之前也没服务好顾客吧 只是事情没爆那么大,消极,0.23542656981469812
5247727168652790,钢铁小旭,Thu Dec 25 14:51:49 +0800 2025,他完全没认识到自己错在哪真的是创业这一路走的太顺了，人已经飘太高了，下不来了～,消极,0.11581390891078329
5247727168652790,履汤蹈火1,Thu Dec 25 14:46:06 +0800 2025,咋？他还成受害者了？太癫了,消极,0.10462498106430201
5247727168652790,AscentVeil,Thu Dec 25 14:34:23 +0800 2025,"&quot;第二个错误是开放厨房&quot;,意思就是理亏，所以选择装死，这又是几千万华与华给的解决方案吗",消极,0.10768398341218213
5247727168652790,心光映雪,Thu Dec 25 14:32:03 +0800 2025,屁用，再来一次还一样,消极,0.10068640960720956
5247727168652790,勇敢的牛牛2018,Thu Dec 25 14:27:47 +0800 2025,不硬刚？你也当不了老板,消极,0.15100275761443804
5247727168652790,自由1994,Thu Dec 25 14:26:48 +0800 2025,还是不懂哪出了问题，你现在也可以辨明是非，起诉罗永浩,消极,0.19006660290946725
5247727168652790,我被郭德纲拉黑了,Thu Dec 25 14:25:03 +0800 2025,最大的错误不是使用华与华吗？你看那个文和友的小绿，自从用了华与华变成了一个咆哮的,消极,0.4020832551967821
5247727168652790,滴哒哒哒呀,Thu Dec 25 14:24:52 +0800 2025,贾国龙说如果能重来坚决不硬刚大家恶心的从来不是你预制菜，而是预制菜卖的现炒的价格啊😧老驾何时才能搞懂这个道理贾国龙首次回应西贝预制菜风波,消极,0.21050675745525904
5247727168652790,和牛河豚,Thu Dec 25 14:14:31 +0800 2025,脑子根本不知道错在哪,消极,0.10105527513970448
5247727168652790,岛岛禾,Thu Dec 25 14:09:47 +0800 2025,脑袋不清醒啊，别接受采访了,消极,0.3657849813853204
5247727168652790,不限无期,Thu Dec 25 14:00:07 +0800 2025,我觉得继续闭嘴会更好,消极,0.260890808391013
5247727168652790,谙诺_,Thu Dec 25 13:56:46 +0800 2025,字里行间充斥着不服,消极,0.10302580965502729
5247727168652790,福星高照9977,Thu Dec 25 13:37:20 +0800 2025,在一个反智的年代，你越开放越解释只能得到反效果。保质期两年的西蓝花被弱智理解为2岁的西蓝花，你怎么去解释,消极,0.1028228635914348
5247727168652790,杨幂嘿嘿一笑说道,Thu Dec 25 13:36:31 +0800 2025,这番话的本质意思就是把脏东西藏起来，不让大家看到，把热度降下去，息事宁人。,消极,0.11276137587411585
5247727168652790,杨二_Dec,Thu Dec 25 13:22:50 +0800 2025,笑死,消极,0.29283150878482544
5247727168652790,迪企鹅日记,Thu Dec 25 13:07:45 +0800 2025,还没倒闭，每个食客都有责任,消极,0.49280381162618525
5247829024965095,政治正确直到世界都夸奖的宋襄公,Thu Dec 25 20:04:47 +0800 2025,潜台词：我没错，错的是碰到硬茬了,消极,0.1116319054597618
5247771160347211,评论罗伯特,Thu Dec 25 16:02:12 +0800 2025,贾总的反思挺有深度的，确实，品牌和消费者之间的沟通应该建立在理解和尊重的基础上。硬刚不仅解决不了问题，反而可能加剧矛盾。西贝这次的调整策略，从降价到优化服务，都是在用行动证明品牌的诚意和改变的决心。这种务实的态度，长远来看，会帮助品牌重建信任，赢得更多消费者的认可和支持。,积极,0.8981438267031194
5247755027221170,拾一住行,Thu Dec 25 15:22:33 +0800 2025,預製菜主動公開,积极,0.6658706747012758
5247755027221170,雪鹿宝宝,Thu Dec 25 14:57:06 +0800 2025,下午好，我来啦,积极,0.8913933932255645
5247755027221170,笑发霉了,Thu Dec 25 14:56:21 +0800 2025,动动,积极,0.8642760981569637
5247755027221170,左畔_右岸,Thu Dec 25 14:58:09 +0800 2025,这是消费者的合法权益,积极,0.8193991226975413
5247755027221170,文秀佳,Thu Dec 25 16:46:25 +0800 2025,关注后续~,积极,0.7968539211485336
5247755027221170,蓝尘99,Thu Dec 25 16:31:01 +0800 2025,是啊，消费者想知道自己在你那里吃的卫生不卫生。,消极,0.2175206704611543
5247755027221170,聚一路散一路,Thu Dec 25 14:57:55 +0800 2025,深究起来，哪里没有预制？…,消极,0.10675244020017396
5247755027221170,聚一路散一路,Thu Dec 25 14:57:17 +0800 2025,总结就一句话，餐饮透明化已成大势所趋，消费者要的不是完美，而是知情权。,消极,0.29408681177124674
5247755027221170,聚一路散一路,Thu Dec 25 14:57:07 +0800 2025,西贝预制菜风波100天后贾国龙现状【西贝事件后续】上海一路超话,积极,0.6818372621716776
5247755027221170,徐大侠旅游札记,Thu Dec 25 23:28:44 +0800 2025,圣诞暖意常伴，喜乐安康随行，祝你圣诞快乐，万事皆顺意🎉🎉🎉,积极,0.8941163529973096
5247755027221170,徐大侠旅游札记,Thu Dec 25 23:28:21 +0800 2025,内容专业又易懂，每一个知识点都精准戳中日常需求，太赞了,积极,0.8831989577835998
5247755027221170,徐大侠旅游札记,Thu Dec 25 23:28:10 +0800 2025,分析得太到位了！餐饮透明化确实是大势所趋，戳中了消费者的核心诉求,积极,0.8649781831757337
5247755027221170,魔都linda,Thu Dec 25 21:55:24 +0800 2025,十月和十一月，我都吃过6次了，现在有点吃腻了,积极,0.8514293309967342
5247755027221170,品楚_,Fri Dec 26 05:50:16 +0800 2025,说得对！,积极,0.7671719184541672
5247755027221170,宗银贵,Thu Dec 25 22:52:03 +0800 2025,点赞支持,积极,0.7745574550035599
5247755027221170,李星允,Thu Dec 25 22:09:27 +0800 2025,改的好不错,消极,0.22913885697679015
5247755027221170,财陈陈,Thu Dec 25 19:10:06 +0800 2025,现炒和预制分开了,消极,0.24855383737431946
5247755027221170,颜控就是好,Thu Dec 25 18:53:07 +0800 2025,不吃,积极,0.6344331912005146
5247755027221170,喵已,Thu Dec 25 18:51:14 +0800 2025,确实，大多数餐馆都是有预制菜的，让消费者知情才是尊重,消极,0.18014851102204932
5247755027221170,感性的猫-猫,Thu Dec 25 17:39:36 +0800 2025,还是继续挣💰,积极,0.7939052477508568
5247755027221170,蓝色的烟卷,Thu Dec 25 17:15:13 +0800 2025,瘦死的骆驼比马大,消极,0.17120576792552555
5247755027221170,笑望氵,Fri Dec 26 00:56:01 +0800 2025,品质说话吧,积极,0.7929335622516305
5247755027221170,L狼牙刺,Thu Dec 25 20:16:31 +0800 2025,这个不错,消极,0.4470871982120912
5247755027221170,风云独揽,Fri Dec 26 08:09:47 +0800 2025,很令人唏嘘,积极,0.517242734081745
5247755027221170,凡人车事,Thu Dec 25 21:09:06 +0800 2025,餐饮透明化是大势所趋，消费者要的是知情权。,消极,0.22588080665060517
5247755027221170,风云独揽,Thu Dec 25 19:23:28 +0800 2025,赞同这个观点,积极,0.895602460660669
5247755027221170,风云独揽,Thu Dec 25 19:23:19 +0800 2025,确实如此꒰&gt;﹏&lt; ꒱,积极,0.5892349037862488
5247755027221170,凡人车事,Thu Dec 25 18:11:50 +0800 2025,支持消费者监督，期待更多企业主动透明。,消极,0.42142667419504676
5247755027221170,凡人车事,Thu Dec 25 18:11:42 +0800 2025,西贝事件后，行业该反思如何真正公开透明。,消极,0.39470921864793806
5247755027221170,凡人车事,Thu Dec 25 18:11:33 +0800 2025,餐饮透明化是大势所趋，消费者要的是知情权，不是完美。,消极,0.33749910097233665
5247794323391984,半景彡,Thu Dec 25 19:48:06 +0800 2025,贾国龙的自我剖析，让人看到了企业家的担当。,积极,0.8920833441277068
5247794323391984,媒媒哒,Sat Dec 27 21:29:44 +0800 2025,知道世上人无完人呢,积极,0.5019869785086485
5247794323391984,ldn浅墨丶初白,Thu Dec 25 19:47:01 +0800 2025,这改变就是进步，期待未来,积极,0.8899776230457064
5247794323391984,米修吉伦,Thu Dec 25 19:47:18 +0800 2025,一个真正的企业家，敢于面对自己的错误,积极,0.6896519464833659
5247794323391984,杨爱阳baly,Thu Dec 25 19:46:11 +0800 2025,贾国龙，一个勇于面对错误的企业家，值得我们尊敬。,积极,0.8752640115853978
5247794323391984,快乐CiCi小仙女,Thu Dec 25 18:40:06 +0800 2025,// 西贝预制菜风波100天后贾国龙现状,积极,0.5873650010992861
5247794323391984,Hownicepprr,Thu Dec 25 19:44:28 +0800 2025,非常不错啊,积极,0.8679554064880023
5247794323391984,春绘樱,Thu Dec 25 19:44:29 +0800 2025,希望能看到改变,消极,0.4533019053687184
5247794323391984,闭家锁丿不出门,Thu Dec 25 19:44:26 +0800 2025,老贾这弯转得漂亮真不简单💭,积极,0.8178331080179788
5247794323391984,思绪Emo,Thu Dec 25 19:44:26 +0800 2025,🙌知错能改进步永远不晚,积极,0.7369553252910919
5247794323391984,Gy頋心,Thu Dec 25 19:44:23 +0800 2025,👍知错能改，挺难得的,积极,0.8608313111238459
5247794323391984,2026發財暴富d,Thu Dec 25 19:44:21 +0800 2025,关注一下吧,积极,0.6717954815808553
5247794323391984,晴川call,Thu Dec 25 19:44:21 +0800 2025,知错能改，善莫大焉…,积极,0.6621460025292549
5247794323391984,苏沪时代,Fri Dec 26 20:50:49 +0800 2025,那是肯定的,消极,0.3577536910522099
5247794323391984,ZhaoHonghe1,Fri Dec 26 11:14:49 +0800 2025,这就这智慧的结晶,积极,0.8783282220069395
5247794323391984,落書乚,Thu Dec 25 19:44:48 +0800 2025,～知错能改挺难得的，给老贾点时间看行动吧。,消极,0.43769818153359663
5247794323391984,暖暖不爱说话,Thu Dec 25 19:44:43 +0800 2025,老贾这波进化，像修仙渡劫啊！,消极,0.11932559735895756
5247794323391984,蒜泥贼棒,Thu Dec 25 19:44:39 +0800 2025,老贾能改就挺好，支持！,积极,0.8425951525598322
5247794323391984,_哈鹿鹿_,Thu Dec 25 19:44:33 +0800 2025,知错能改，未来可期,积极,0.8363144146384457
5247794323391984,追剧小白DHL,Thu Dec 25 19:44:20 +0800 2025,知错能改，挺好。,积极,0.6051099076445553
5247827817009316,看看新闻Knews,Thu Dec 25 19:49:15 +0800 2025,沉默100天后，西贝创始人贾国龙首度回应预制菜风波，他连续40天靠安眠药睡觉，还因为网暴第一次知道什么叫“老登”。,消极,0.45239815529314176
5247827817009316,看看新闻Knews,Thu Dec 25 19:49:08 +0800 2025,对于风波给西贝带来的重创，贾国龙透露正积极寻求支援。他说如果西贝没能挺过危机，将不再创业，与夫人回草原养羊。,积极,0.8562477664727141
5247827817009316,谁杠我谁有大病,Thu Dec 25 19:51:13 +0800 2025,仅仅冲这段表述，西贝还有希望,积极,0.8841112557444404
5247752466334864,乌拉20067,Thu Dec 25 19:09:14 +0800 2025,这个罗永浩之前的言论也够可以的，当初居然没啥事。,消极,0.2823051466645552
5247752466334864,薅羊毛的小小姐姐,Thu Dec 25 15:34:55 +0800 2025,还不如学项立刚,消极,0.1414077514123194
5247752466334864,NSN_J,Thu Dec 25 15:53:56 +0800 2025,他这个不一定开得起来。,消极,0.12499446022694082
5247752466334864,养包子的小男孩,Thu Dec 25 14:47:59 +0800 2025,有些人什么时候才能知道大家很讨厌“祥林嫂”，更何况他还没有祥林嫂的悲惨遭遇。,消极,0.10451692890288565
5247752466334864,我是你的小_仙_女,Thu Dec 25 15:47:13 +0800 2025,年底了，狠狠割一波韭菜,积极,0.6009033433765694
5247752466334864,乌拉20067,Thu Dec 25 19:10:02 +0800 2025,西贝的性价比……,积极,0.7919691748068658
5247752466334864,桃林寒士,Sun Dec 28 21:35:10 +0800 2025,唉，假总脸皮还是比不了太君,消极,0.14904816424588216
5247752466334864,huangsolo,Fri Dec 26 10:37:03 +0800 2025,他没项立刚这文笔，怎么打罗太君,消极,0.13617055475352244
5247752466334864,英俊爸爸发呆,Fri Dec 26 09:01:43 +0800 2025,罗知道自己理亏，不敢吱声。,消极,0.12752087518307148
5247752466334864,在铸剑谷写书评的银杏,Tue Dec 30 01:03:21 +0800 2025,项乞丐，若是30年前那么横，估计巴掌吃到死为止,消极,0.10533595614547532
5247752466334864,周末已过,Sun Dec 28 15:10:41 +0800 2025,因为 不敢回应啊,消极,0.18256059043721798
5247821093801380,梧桐树开花的时候你在哪,Thu Dec 25 19:20:43 +0800 2025,沉痛反思，行动挽回，员工顾客共心，西贝老板的转变赢尊重。,积极,0.8972785022017689
5247821093801380,勿念勿忘樂,Thu Dec 25 19:19:33 +0800 2025,贾国龙坦诚认错，落实改进，展现企业责任，为行业树立榜样。,积极,0.6743974644860629
5247821093801380,温柔_可爱_大方8,Thu Dec 25 19:19:32 +0800 2025,西贝诚意改错，行业楷模，消费者信心重振。,积极,0.8883581086995036
5247822941130123,张江漫步,Thu Dec 25 19:27:25 +0800 2025,笑到我怀疑人生 ，圣诞快乐呀！,积极,0.8747710339473201
5247822941130123,乐7199,Fri Dec 26 10:35:04 +0800 2025,罗太君批的企业都是好企业，比如电信西门子大金新东方，他批的，就可以放心入了,积极,0.8985934060749088
5247822941130123,seamanele,Sat Dec 27 08:29:27 +0800 2025,他不是年幼不懂事的乖宝宝，他是精明的企业家。,积极,0.8929240455444898
5247822941130123,用户7731983025,Sat Dec 27 05:29:48 +0800 2025,预制菜害人害己,消极,0.1943790697143718
5247822941130123,卡达斯的猫,Mon Dec 29 08:13:11 +0800 2025,第一，他不是因为食品安全问题，第二，西贝已经到上市最后一步，临门一脚出现这种事，很难不怀疑惹到别的人，而罗就是个拿钱办事的嘴替,消极,0.2762072719334462
5247822941130123,月-染-云-端,Sat Dec 27 07:34:23 +0800 2025,垃圾西贝,消极,0.1018609023494902
5247815263192377,清铖和顺,Thu Dec 25 19:23:12 +0800 2025,唉😮‍💨,消极,0.2561647557489657
5247813920228952,混吃等暑,Thu Dec 25 19:31:32 +0800 2025,做好质量才是最重要的,积极,0.6738597709331344
5247813920228952,啾咪一栀穗,Thu Dec 25 19:41:39 +0800 2025,真诚才是永远,积极,0.8225322157665943
5247813920228952,恶女训,Thu Dec 25 19:12:40 +0800 2025,确实是这样预制菜很难吃,消极,0.12984827124508472
5247813920228952,兴许你再多看我一眼呢,Thu Dec 25 19:09:37 +0800 2025,还真是必须用心做,消极,0.10867884502852365
5247813920228952,小寻的Haru,Thu Dec 25 19:07:14 +0800 2025,老登就是你好好做菜吧,消极,0.11542517140183006
5247813920228952,渡孁,Thu Dec 25 19:06:44 +0800 2025,预制菜就提前说明呗 嘴硬可不好,积极,0.529315454372238
5247813920228952,酸酸冰柠檬,Thu Dec 25 19:06:34 +0800 2025,说的太对了专心做菜,积极,0.8410148695104709
5247813920228952,枕误,Thu Dec 25 19:02:40 +0800 2025,做生意还是诚信重要,消极,0.11234740787264226
5247813920228952,云枝寂,Thu Dec 25 19:19:36 +0800 2025,做生意还是要诚实一点,消极,0.10860803128682206
5247766838118439,脱欧入亚卡菊轮,Thu Dec 25 16:27:39 +0800 2025,他也总结了啊，“骄傲”。//,积极,0.883786543792121
5247766838118439,_-南风_知我意,Thu Dec 25 17:19:05 +0800 2025,己经凉凉了,消极,0.29061754697708986
5247766838118439,潘达利亚的熊猫人,Thu Dec 25 15:44:24 +0800 2025,“闭嘴”,消极,0.12921066527192
5247813626890434,虚空的淡黄维c,Thu Dec 25 21:05:50 +0800 2025,真诚为本，信任才能持久。,积极,0.7712872778786277
5247813626890434,蓝色忧郁4656,Thu Dec 25 19:09:38 +0800 2025,希望能够越来越正规,消极,0.1103188309686739
5247813626890434,茂茂的茂i,Thu Dec 25 21:05:50 +0800 2025,真诚沟通是餐饮公关的关键！,积极,0.8338171853864225
5247813626890434,seven_91303,Thu Dec 25 21:05:53 +0800 2025,真诚是公关的灵魂，信任最重要！,积极,0.8506667235886312
5247813626890434,靜望西山月_282,Thu Dec 25 21:05:50 +0800 2025,真诚是餐饮公关的最佳武器！,积极,0.7745232572292281
5247813626890434,行者风雷,Sat Dec 27 10:32:32 +0800 2025,那天路过商场内的一家门店，没看到堂食，外卖订单挺多,积极,0.6699783810198028
5247761473865085,icyfiretc,Thu Dec 25 15:27:35 +0800 2025,这次这么正常，是把之前的公关团队辞了？,消极,0.4190805712038923
5247761473865085,莱美熊宝宝,Thu Dec 25 15:33:32 +0800 2025,其实西贝最大的问题是性价比不高，味道不差但也不太好，价格来说真的有点贵了,消极,0.4487048281411766
5247761473865085,名字这么难起-星汉版,Thu Dec 25 15:25:06 +0800 2025,这个大哥，采访感觉正常了,积极,0.8973588710101922
5247761473865085,辩泰砂仁狂,Thu Dec 25 18:34:46 +0800 2025,这波它花了不少钱啊,积极,0.729385649064352
5247761473865085,千音飞羽,Thu Dec 25 15:45:45 +0800 2025,南墙老师教得好啊,积极,0.894912328342869
5247775719031357,麦克是只傻猫,Thu Dec 25 19:29:08 +0800 2025,吸取教训，下次不再犯这样的错误,消极,0.23121333040973824
5247775719031357,百合花开62,Thu Dec 25 19:18:30 +0800 2025,能反思，就会有进步,积极,0.8705183503245536
5247775719031357,肥俊_Fung,Thu Dec 25 16:36:20 +0800 2025,赚够了,积极,0.8843898476338381
5247775719031357,小陈一直在炒股,Fri Dec 26 10:08:55 +0800 2025,吸取教训，下次继续刚！,积极,0.6730472389266652
5247775719031357,練天如,Sat Dec 27 11:50:39 +0800 2025,你们都吃了几十年麦当劳冰冻鸡了，九十年代就已经卖你一个套餐几十块钱了，你们会因为冰冻鸡和价格贵骂过麦当劳、肯德基、必胜客吗？你们是看见太君就软，就只会欺负本土公司窝里横是吧,消极,0.11466601216244418
5247775948408371,虚血复活的熊,Thu Dec 25 16:58:11 +0800 2025,他还自己数天数啦？,消极,0.3612674130750747
5247775948408371,Zachary201506,Thu Dec 25 17:37:24 +0800 2025,靠运气的人以为是靠实力,消极,0.1351156171731876
5247775948408371,请叫我小华佗,Thu Dec 25 18:35:26 +0800 2025,他还是坚持自己的非预制菜观点，只是后悔吵架而已,积极,0.6168293144470681
5247775948408371,蓝山雾,Thu Dec 25 18:10:20 +0800 2025,华与华给你出的主意？,积极,0.8650750359747945
5247775948408371,科学唯物主义,Thu Dec 25 18:39:46 +0800 2025,华与华:你怎么跪了，我还没结束呢？我挺你,积极,0.8118230374390834
5247775948408371,Brian-艺术,Thu Dec 25 18:35:37 +0800 2025,第四个错误就是现在还出来说话,消极,0.3968616065434588
5247775948408371,天津city2025_,Thu Dec 25 17:44:07 +0800 2025,保重老贾,积极,0.7703744844952893
5247775948408371,瓯江时论,Thu Dec 25 17:32:06 +0800 2025,哈哈，贾老登差点没挺过来，还来这是非之地，吓得不够厉害,消极,0.21082870918513785
5247775948408371,HsuSssu,Thu Dec 25 19:22:36 +0800 2025,你擅长做预制菜,积极,0.8581269097152472
5247775948408371,cS2r,Thu Dec 25 19:20:36 +0800 2025,不样说话吗,消极,0.10820036704868426
5247775948408371,江亭水月,Thu Dec 25 18:33:52 +0800 2025,找个像样的公关公司来应对也不至于如此惨败,消极,0.16920902548984668
5247775948408371,苍穹肥肥猫555,Fri Dec 26 15:23:39 +0800 2025,老登能忍住100天，不容易,消极,0.3994771028697386
5247775948408371,一只IT界的北极熊,Fri Dec 26 00:39:27 +0800 2025,让人恶吐，试图让人忘记当初他丑恶的嘴脸,消极,0.10268584985003618
5247775948408371,梁律LV,Thu Dec 25 20:33:36 +0800 2025,这老片子现在都不知道错在哪里,消极,0.11249797918095719
5247775948408371,加燏,Thu Dec 25 19:23:28 +0800 2025,我在想总评价别人老登的人，总觉得别人说两句话就教条自己的人，是不是也有点脑子有问题。,积极,0.5296932416096751
5247775948408371,小心别中毒,Thu Dec 25 19:11:32 +0800 2025,公司上市计划要告吹，对赌计划要赔钱，万劫不复，怕了,消极,0.12949960286905923
5247775948408371,菲菲和喆喆,Thu Dec 25 18:51:38 +0800 2025,都不如好老娘们儿！让罗太君吓坏了,消极,0.10327339473379786
5247775948408371,想__法,Thu Dec 25 18:43:30 +0800 2025,网络暴民在企业家身上找到了自信,消极,0.200379206508569
5247775948408371,狂浪的刀,Thu Dec 25 18:43:28 +0800 2025,两个老登的互殴：一个实体商业套路的老登，一个互联网套路的老登。,消极,0.17173382514515367
5247775948408371,他山十一郎,Thu Dec 25 17:12:15 +0800 2025,标准老登样,消极,0.20636503108971838
5247775948408371,vx小韭菜的脑洞日常,Thu Dec 25 17:12:14 +0800 2025,那是 一直高高在上 赚着你的钱还看不起你给你和你的孩子吃冻了两年的西兰花🥦怎么可能知道大家的愤怒,消极,0.15371617104834523
5247811357775439,麦花藏喜,Mon Dec 29 13:41:31 +0800 2025,对头,消极,0.15766012886650863
5247811357775439,奇迹豪运Hamza_,Sun Dec 28 22:15:03 +0800 2025,是要好好反思,积极,0.8873049809129526
5247811357775439,米山老留,Fri Dec 26 08:08:15 +0800 2025,反思反思非常有利于今后发展,积极,0.8656845747991866
5247811357775439,你知道永远对我的重要性,Mon Dec 29 00:11:36 +0800 2025,是啊别黑红呀,积极,0.8928107990293739
5247811357775439,西瓜都没有你甜呢,Sun Dec 28 23:02:19 +0800 2025,肯来就是的,积极,0.8392709787862713
5247811357775439,布0_0布,Thu Dec 25 22:35:15 +0800 2025,还想火一把,消极,0.11265833247299586
5247811357775439,静听瑶言,Thu Dec 25 19:13:52 +0800 2025,贾总是怕网友们忘了吗？专门提个醒,积极,0.8733649937734299
5247811357775439,幸运的萝卜干,Mon Dec 29 02:16:11 +0800 2025,说的有道理,消极,0.3431801613725831
5247811357775439,福宝w,Thu Dec 25 19:11:12 +0800 2025,食品安全刻不容缓,积极,0.8599687432142247
5247806835263798,是伊伊伊伊呀,Thu Dec 25 18:22:49 +0800 2025,关注,积极,0.8175956903262005
5247806835263798,关关GJF,Fri Jan 16 08:05:30 +0800 2026,又开始卖惨,消极,0.47904519599221373
5247806835263798,海女Flora,Fri Dec 26 08:24:09 +0800 2025,这标题…咋看没注意到英文字母IP,消极,0.1478785578779111
5247806835263798,tingting900701,Thu Dec 25 19:40:49 +0800 2025,又贵又难吃,消极,0.3196452613567139
5247806835263798,用户7912745041,Fri Jan 16 10:24:26 +0800 2026,不是刚不刚，而是要自省改正,消极,0.24908943945784967
5247806835263798,好乘凉123,Thu Dec 25 18:38:55 +0800 2025,就是不反省自己卖预制菜,积极,0.5019439083848284
5247806835263798,by莉莉安,Thu Dec 25 18:59:55 +0800 2025,滚吧！贾装什么孙子！2年的西蓝花你自己出！,消极,0.10216179245505969
5247812314858459,张江漫步,Thu Dec 25 18:47:26 +0800 2025,字字珠玑，说得太好了 ，圣诞快乐呀！,消极,0.40567507396804103
5247812314858459,甘肃王学鹏,Thu Dec 25 18:44:47 +0800 2025,贾国龙的反思让人深思，餐饮界的风波也提醒我们要学会倾听顾客的声音。,积极,0.8656867058769535
5247793644964643,大大碗吃饭,Thu Dec 25 18:23:24 +0800 2025,企业诚信经营才能赢得市场。,积极,0.6271133800274612
5247793644964643,大大碗吃饭,Thu Dec 25 18:03:43 +0800 2025,真诚沟通才能赢得顾客信任,积极,0.6461655695993869
5247793644964643,杭杭楷楷,Thu Dec 25 19:48:12 +0800 2025,价格打下来了,积极,0.8777071083725332
5247793644964643,体圈小仙女,Thu Dec 25 18:18:52 +0800 2025,整顿一下也是好的,积极,0.6078583954922578
5247793644964643,艺双糖湾,Thu Dec 25 18:03:29 +0800 2025,我们要品质和透明,积极,0.652158617717987
5247793644964643,独孤九鎗,Thu Dec 25 18:14:54 +0800 2025,贾老板也够不容易的了,积极,0.8923079636491025
5247793644964643,独孤九鎗,Thu Dec 25 18:07:52 +0800 2025,好好做菜，按时吃饭,消极,0.4997853842069162
5247793644964643,我想去见陈丽君,Thu Dec 25 18:17:37 +0800 2025,坦坦荡荡，认真做菜！,积极,0.8155090491782431
5247793644964643,不告诉凌,Thu Dec 25 18:12:40 +0800 2025,不喜欢预制菜,积极,0.6673038463779477
5247793644964643,辣椒灰·,Thu Dec 25 18:11:53 +0800 2025,还是得诚信经营啊,消极,0.18099931551458892
5247793644964643,Rormse_yzml,Thu Dec 25 18:11:34 +0800 2025,说的很对预制菜该用但要坦诚，标清楚、价合理，消费者自然能接受。,消极,0.3502407302824281
5247793644964643,祎只酸菜鱼_zoey,Thu Dec 25 18:10:09 +0800 2025,希望越来越好,积极,0.5718717980474395
5247793644964643,小火龙_人机版,Thu Dec 25 18:10:06 +0800 2025,冲动的代价,消极,0.3590484961727469
5247793644964643,火火文十,Thu Dec 25 18:09:46 +0800 2025,看起来还很好啊,积极,0.8036533857354243
5247793644964643,卷晞笑霁,Thu Dec 25 18:09:23 +0800 2025,预制菜有时候还可以,消极,0.23938726483883954
5247793644964643,禹小乔Y,Thu Dec 25 18:08:59 +0800 2025,卖惨没用啊,积极,0.8110246620099133
5247793644964643,我是你的小英,Thu Dec 25 18:08:31 +0800 2025,没错预制菜真的不好,消极,0.1722749233223011
5247793644964643,心绪涩愈,Thu Dec 25 18:05:07 +0800 2025,预制菜真的影响很大,消极,0.143705565203727
5247793644964643,汀兰初雨,Thu Dec 25 18:04:36 +0800 2025,消费者需要知情权,消极,0.2112128357809233
5247793644964643,全球电影中心,Thu Dec 25 17:58:22 +0800 2025,预制菜该用但要坦诚，标清楚、价合理，消费者自然能接受。,消极,0.27268357141824695
5247793644964643,佛系吐槽选手,Thu Dec 25 18:12:33 +0800 2025,需要健康饮食啊,积极,0.5264838834056746
5247793644964643,原来是裙裙呀,Thu Dec 25 18:14:48 +0800 2025,品质质量过关才是关键,积极,0.7692160110034166
5247793644964643,漫影逐光者,Thu Dec 25 18:06:12 +0800 2025,预制菜真的不好,消极,0.1658057236947143
5247774780035059,BaoBao爱阅读,Thu Dec 25 16:41:29 +0800 2025,是压力大了吧？还是在想怎么样让公司重新起步啊？,消极,0.3364512572274975
5247774780035059,万绿丛中一点红199202,Thu Dec 25 16:30:39 +0800 2025,亡羊补牢 犹未迟也！期待越来越好！,积极,0.731784591388785
5247774780035059,别动啊66,Thu Dec 25 16:30:08 +0800 2025,希望西贝真的能越来越好，毕竟是大家都很喜欢的餐饮品牌。,积极,0.867625494750655
5247774780035059,一心向善69,Thu Dec 25 16:29:53 +0800 2025,唉，预制菜风波对贾国龙的打击不小啊，连续靠安眠药入睡，想想都心疼😟,积极,0.7117841562085487
5247774780035059,秋天的果实妮妮,Thu Dec 25 16:16:53 +0800 2025,贾总坚强前行，西贝未来可期,积极,0.8876684620986254
5247774780035059,风之影56,Thu Dec 25 16:54:17 +0800 2025,还是好好检讨的,积极,0.5127211354116326
5247774780035059,心之所想心之所愿,Thu Dec 25 16:41:12 +0800 2025,期待越来越好，加油！,积极,0.6556667847545015
5247774780035059,被财神爷保佑的小熊,Fri Dec 26 14:31:20 +0800 2025,期待,积极,0.8486769966897555
5247774780035059,风中摇曳的紫玫瑰,Fri Dec 26 01:43:06 +0800 2025,期待能越来越好,积极,0.6335437797578862
5247774780035059,心之所想心之所愿,Thu Dec 25 21:25:42 +0800 2025,希望越来越好，加油,积极,0.7785729268141154
5247774780035059,做好自己tp,Thu Dec 25 21:12:39 +0800 2025,越来越好,积极,0.7891490452359022
5247774780035059,意佰世家8,Thu Dec 25 18:10:26 +0800 2025,未来越来越好的,积极,0.7643496981636219
5247774780035059,脱非入欧皮卡丘锦鲤888,Thu Dec 25 16:54:30 +0800 2025,期待越来越好,积极,0.6287840474118213
5247774780035059,山佳居士Cui,Thu Dec 25 16:53:06 +0800 2025,非常期待越来越好！,消极,0.49898375485435054
5247774780035059,美丽的落叶花,Thu Dec 25 16:48:38 +0800 2025,希望会好起来,积极,0.6631424390245229
5247774780035059,任叔岳,Thu Dec 25 16:47:07 +0800 2025,我们是小县城，小地方，我们这里也没有西贝了。,消极,0.18349052515458197
5247774780035059,叫我卡莎大人,Thu Dec 25 16:45:48 +0800 2025,主要引起民愤了呀！,消极,0.12855891609248996
5247774780035059,任叔岳,Thu Dec 25 16:45:34 +0800 2025,主要是西贝的食物实在是比较贵了。,消极,0.29358826891807366
5247774780035059,爱洧點槑,Thu Dec 25 16:33:36 +0800 2025,希望越来越好吧,积极,0.5194616788561688
5247774780035059,叫我卡莎大人,Thu Dec 25 16:31:28 +0800 2025,那有什么办法呢,消极,0.4268367290807582
5247774780035059,山佳居士Cui,Thu Dec 25 16:31:14 +0800 2025,期待越来越好！,积极,0.6350128948336646
5247774780035059,云端小奇迹,Thu Dec 25 16:28:05 +0800 2025,期待啊，越来越好,积极,0.7409335953831487
5247774780035059,爱锦鲤的打工人,Thu Dec 25 16:18:51 +0800 2025,希望贾总越来越好加油！,积极,0.7820917695438112
5247774780035059,秋叶知音,Thu Dec 25 16:17:58 +0800 2025,还是需要深入研究新的食品法,积极,0.7692795089429438
5247774780035059,冷凌199005,Thu Dec 25 16:17:55 +0800 2025,还是不要长期吃药,消极,0.21531999667793666
5247774780035059,相守一生爱云宝,Thu Dec 25 16:16:41 +0800 2025,压力还是特别大的,消极,0.47291209811906965
5247774780035059,v凝的,Fri Dec 26 22:52:59 +0800 2025,不同,消极,0.27328548578835166
5247774780035059,满谷满仓-西红柿炒蛋配白饭,Fri Dec 26 13:37:41 +0800 2025,吃安眠药入睡也不是啥大事呀……,积极,0.8494970123121789
5247774780035059,吊你老屎,Fri Dec 26 11:44:34 +0800 2025,其实公关真的很烂。,消极,0.21445612346208798
5247774780035059,阿华0715,Thu Dec 25 21:34:05 +0800 2025,罗胖子就是网络黑社会。,消极,0.10759088786955347
5247774780035059,玫瑰茶叶罐,Thu Dec 25 19:07:01 +0800 2025,这是什么情况？,消极,0.18501029815560555
5247774780035059,橙子phoebe,Thu Dec 25 17:30:11 +0800 2025,贾总坚强，西贝未来可期,积极,0.8899090228756108
5247774780035059,棚里滴99,Thu Dec 25 17:17:37 +0800 2025,这位西贝创始人说，自己连续40天靠吃安眠药入睡,消极,0.4674300685317121
5247774780035059,陨落星辰58109,Thu Dec 25 17:08:07 +0800 2025,了解一下,积极,0.8340653346919253
5247774780035059,马王庙小子,Thu Dec 25 16:59:39 +0800 2025,只能说西贝如果倒了 百分之99的餐饮都得倒,消极,0.10893125257720751
5247774780035059,抹茶小姐1998,Thu Dec 25 16:52:28 +0800 2025,非常期待,积极,0.84908541732066
5247774780035059,I琉星I,Thu Dec 25 16:51:59 +0800 2025,懂得改善,积极,0.5387221589123441
5247774780035059,心动诗诗了么,Thu Dec 25 16:48:50 +0800 2025,贾总经历风波后坚强应对，西贝餐饮重拾信心值得肯定。,积极,0.8957213312224468
5247774780035059,云胡不喜·青时养乐多,Thu Dec 25 16:47:41 +0800 2025,期待未来更好,积极,0.8670018649447343
5247774780035059,金福常伴,Thu Dec 25 16:47:23 +0800 2025,平衡好标准与消费者期待。,积极,0.8986609659788002
5247774780035059,村上男神,Thu Dec 25 16:45:44 +0800 2025,那肯定也是有一些压力的吧,积极,0.5338156336752149
5247774780035059,sSYyJjAw,Thu Dec 25 16:45:05 +0800 2025,期待哦,积极,0.8745268059602523
5247774780035059,期待梦想着陆,Thu Dec 25 16:38:32 +0800 2025,人生没有过不去的坎,积极,0.7716019891763721
5247774780035059,小羊星巴乐Z,Thu Dec 25 16:38:14 +0800 2025,支持支持,积极,0.6417412239944525
5247774780035059,以玫瑰为礼__,Thu Dec 25 16:35:43 +0800 2025,这压力真是太大了吧,消极,0.18955357677173512
5247774780035059,金福常伴,Thu Dec 25 16:33:33 +0800 2025,调整策略，给消费者更好的体验。,积极,0.8838674470216574
5247774780035059,雨做的云为6,Thu Dec 25 16:33:08 +0800 2025,态度决定未来、好样的,积极,0.8925480320852586
5247774780035059,村上男神,Thu Dec 25 16:31:45 +0800 2025,那就做好自己了,消极,0.45526261578407845
5247774780035059,不爱香菜TXC,Thu Dec 25 16:30:30 +0800 2025,希望以后越来越好,积极,0.7001968740446074
5247774780035059,心想事情2023,Thu Dec 25 16:30:09 +0800 2025,身体健康最重要,消极,0.2750902402971901
5247774780035059,柚子栗子桃,Thu Dec 25 16:29:47 +0800 2025,期待他越来越好,积极,0.657235096064781
5247774780035059,全力以富__,Thu Dec 25 16:29:35 +0800 2025,期待越来越好呢,积极,0.7768920684689675
5247774780035059,帕金森宠医,Thu Dec 25 16:29:31 +0800 2025,是的，好好休息,积极,0.5239371585603294
5247774780035059,以玫瑰为礼__,Thu Dec 25 16:27:32 +0800 2025,压力真是太大了,消极,0.137101816800203
5247774780035059,爱自己201607,Thu Dec 25 16:26:45 +0800 2025,终于走出来了,积极,0.6561335738269719
5247774780035059,透支明天的小木,Thu Dec 25 16:26:24 +0800 2025,影响确实大,积极,0.7935706793388846
5247774780035059,娱乐小八卦_apple,Thu Dec 25 16:20:45 +0800 2025,也是真的挺难的，相信以后会越来越好,积极,0.7610897989173395
5247774780035059,梅花笑寒5888566627,Thu Dec 25 16:20:19 +0800 2025,身体健康才是最重要的,积极,0.5486089476045919
5247774780035059,后山来客,Fri Dec 26 12:40:41 +0800 2025,公司关掉 拿着钱国外享受人生多好,积极,0.5128545616895309
5247774780035059,梦想家__糖糖,Thu Dec 25 17:30:47 +0800 2025,现在的我们也是太难了,消极,0.394388230008456
5247774780035059,叽叽喳喳来喽,Thu Dec 25 17:24:54 +0800 2025,看来影响真的是很大,消极,0.43696628840033325
5247774780035059,888阳哥yg,Thu Dec 25 17:11:45 +0800 2025,一切都会好起来的！,积极,0.83620268929036
5247774780035059,消磨,Thu Dec 25 16:54:45 +0800 2025,期待能够越来越好,积极,0.5893967202307777
5247774780035059,角落里默默守护,Thu Dec 25 16:53:49 +0800 2025,越来越好了呀,积极,0.8467808729115063
5247774780035059,zzzzzzz赴,Thu Dec 25 16:49:44 +0800 2025,这样的压力真的很大啊,消极,0.47376158088490006
5247774780035059,快乐美羊羊呀,Thu Dec 25 16:45:51 +0800 2025,谢谢博主分享,积极,0.8872191751261198
5247774780035059,萧萧九公子,Thu Dec 25 16:45:38 +0800 2025,期待能好起来,积极,0.8905563403008727
5247774780035059,万绿丛中一点红199202,Thu Dec 25 16:43:54 +0800 2025,期待贾总越来越好！,积极,0.8697013402222893
5247774780035059,美味关系,Thu Dec 25 16:38:31 +0800 2025,网络舆情谁也扛不住,消极,0.1310178697554721
5247774780035059,美到心间的话,Thu Dec 25 16:34:44 +0800 2025,期望越来越好,消极,0.390017766901763
5247774780035059,小羊今天吃饱了没,Thu Dec 25 16:33:09 +0800 2025,重获消费者的认可,积极,0.8766175528553077
5247774780035059,猫咪屁屁我守护,Thu Dec 25 16:31:42 +0800 2025,看到就觉得很温暖呢,积极,0.8716653131407384
5247774780035059,阳光春天201711,Thu Dec 25 16:31:06 +0800 2025,自己连续40天靠吃安眠药入睡,消极,0.10932039992623603
5247774780035059,土坡坡上不去,Thu Dec 25 16:30:52 +0800 2025,数钱时候也是睡不着觉,消极,0.2885878926828651
5247774780035059,剑与茉莉,Thu Dec 25 16:30:41 +0800 2025,看来也不容易呀,积极,0.5038069707675987
5247774780035059,小怪V5,Thu Dec 25 16:30:15 +0800 2025,这打击不小,积极,0.8068987899107128
5247774780035059,今晚早点训咩,Thu Dec 25 16:29:32 +0800 2025,越来越好呀,积极,0.8543533645933195
5247774780035059,金门贵糖15,Thu Dec 25 16:54:54 +0800 2025,支持支持！,积极,0.5391923098474877
5247774780035059,在海一方127,Thu Dec 25 16:51:45 +0800 2025,经历过风波，贾总更懂得珍惜了。加油！🌟,积极,0.8558760447674217
5247774780035059,金门贵糖15,Thu Dec 25 16:50:36 +0800 2025,全是漫长挫折和煎熬，坚持就是胜利！加油！,积极,0.720626049145406
5247774780035059,云卷云舒kikiki,Thu Dec 25 16:32:14 +0800 2025,太不容易了,消极,0.47416104669470016
5247774780035059,欢乐大路888,Thu Dec 25 16:29:39 +0800 2025,加油,积极,0.7260169094506892
5247774780035059,桃源中人2008,Thu Dec 25 16:19:35 +0800 2025,希望能够越来越好,积极,0.5080882478514042
5247774780035059,小龙女的故事,Thu Dec 25 16:17:48 +0800 2025,怎么会这样呢,消极,0.1045831958780409
5247799055877248,苦逼泥瓦匠,Thu Dec 25 22:16:10 +0800 2025,碰到网络牛二，再优秀的企业和企业家也是没办法。,消极,0.10375211817904174
5247799055877248,博学的学,Thu Dec 25 18:14:27 +0800 2025,600万分给一线员工，口碑都会提升很多。,积极,0.8589307399515548
5247775847486708,你都不知道我名字,Thu Dec 25 16:20:49 +0800 2025,本来也是他自己的问题。,消极,0.4070418771864496
5247775847486708,上穷碧落生,Thu Dec 25 16:20:25 +0800 2025,确实，也是给他上了一课了，以为自己是餐饮业的大佬就没事,消极,0.10999679417511894
5247775847486708,逝水流年8l,Thu Dec 25 16:20:11 +0800 2025,该软还是得软,消极,0.2634135577834392
5247775847486708,别动啊66,Thu Dec 25 16:20:37 +0800 2025,和罗永浩硬刚确实不是个明智之举，在商场上，懂得适时示弱、保存实力真的很重要,消极,0.3581619078297244
5247775847486708,帕金森宠医,Thu Dec 25 16:21:41 +0800 2025,要的是态度,积极,0.8563292540763087
5247775847486708,布恩迪亚亚sx,Thu Dec 25 16:21:01 +0800 2025,是啊道歉不丢人,积极,0.5783729901378166
5247775847486708,玲玲5796530305,Thu Dec 25 16:20:39 +0800 2025,道个歉不丢人,消极,0.10164541389923792
5247775847486708,晨夕牧笛,Thu Dec 25 16:20:17 +0800 2025,他是知道后果了,消极,0.3449713377870921
5247775847486708,我是Liutian,Thu Dec 25 16:20:10 +0800 2025,也是要不断改进,消极,0.49872385886405934
5247775847486708,阿秋不开森,Thu Dec 25 16:22:39 +0800 2025,说的没错,积极,0.6989676751429925
5247775847486708,我滴mua耶,Thu Dec 25 16:20:31 +0800 2025,道个歉是不丢人，不明白为什么那么多人不愿意,消极,0.13751298848302895
5247775847486708,kkk泥,Thu Dec 25 16:20:22 +0800 2025,就是啊道歉不丢人,积极,0.8235076631426637
5247775847486708,一心向善69,Thu Dec 25 16:20:16 +0800 2025,贾国龙能这样复盘也算是吸取教训了。,消极,0.4090265695507064
5247775847486708,yzliudian,Thu Dec 25 16:23:45 +0800 2025,经济形势不容乐观,消极,0.15414597269344765
5247775847486708,迷你团团tikki,Thu Dec 25 16:25:42 +0800 2025,道歉,消极,0.2167210359153166
5247798300639599,程风满袖_01,Thu Dec 25 19:08:47 +0800 2025,这次的回答就很坦诚,积极,0.7610836140675132
5247798300639599,花城黄静同学,Thu Dec 25 18:09:08 +0800 2025,贾总长大了,积极,0.7496937316148689
5247798300639599,悲天人,Thu Dec 25 20:00:38 +0800 2025,客单价75元，预制和预加工与高价格的矛盾,消极,0.41292516327830453
5247799760257214,076号交易员,Thu Dec 25 21:54:41 +0800 2025,这几个月贾老板成长很快，只有经历才能让人成长，尤其是惨痛的经历,积极,0.6195419835332387
5247758445315649,文艺范彩虹女孩7087,Thu Dec 25 16:07:04 +0800 2025,哈哈哈,积极,0.8180695673550901
5247758445315649,七月繁星璀璨不加糖Galaxy,Thu Dec 25 16:01:02 +0800 2025,哈哈哈哈哈哈哈,积极,0.6860804626260801
5247758445315649,Yg冰淇淋红茶拿铁,Thu Dec 25 16:07:58 +0800 2025,好像不太好了,积极,0.6612893052428263
5247758445315649,大孟兽之永远不追星版,Thu Dec 25 15:27:13 +0800 2025,必须支持一下,积极,0.8668888156630146
5247758445315649,自在李文,Tue Jan 06 23:21:10 +0800 2026,不止门口串肉！后厨全程直播，还能直接进去参观,积极,0.8860163843173723
5247792954212985,评论罗伯特,Thu Dec 25 17:28:35 +0800 2025,烟火气，是食物的灵魂，也是人心的慰藉。西贝的回归，让人看到了真诚与改变的力量。,积极,0.5756670393124296
5247772790103021,L_uckyTIN,Thu Dec 25 16:24:58 +0800 2025,其实我老吃预制菜，包括给小朋友也吃预制菜，只要安全并且标注清楚，我觉得没啥问题,积极,0.8627049162018722
5247772790103021,巴啦啦熊样,Thu Dec 25 16:10:12 +0800 2025,看见预制菜就没胃口了，个人喜欢现炒现吃的,消极,0.2634619166562343
5247772790103021,我比八卦还能唠,Thu Dec 25 17:27:02 +0800 2025,我要是吃预制菜我还不如自己做呢,消极,0.3884650269192882
5247772790103021,霖兔头,Thu Dec 25 16:20:24 +0800 2025,真的不喜欢吃预制菜,消极,0.11352443898783222
5247772790103021,Abundantly_,Thu Dec 25 16:17:26 +0800 2025,西贝长记性了吧，还是要好好做实事,消极,0.11921857378195105
5247772790103021,人在房在,Thu Dec 25 17:21:42 +0800 2025,自己买个加热包不好吗？我花钱去饭店吃加热包,消极,0.21589562739051738
5247772790103021,sunshine-in0213,Thu Dec 25 16:31:01 +0800 2025,现在一听预制菜就不信了,消极,0.21468902292339354
5247772790103021,财自上天来,Thu Dec 25 16:29:08 +0800 2025,严把质量卫生关，对客户要透明尊重,消极,0.4667718594247269
5247772790103021,煜杉禾,Thu Dec 25 16:07:31 +0800 2025,贾国龙的认错自救，为西贝预制菜危机画上句号。,积极,0.8420718874507657
5247772790103021,义揽湾月,Thu Dec 25 16:23:07 +0800 2025,真的很不喜欢预制菜,消极,0.1075918336502467
5247772790103021,宇昼诗,Thu Dec 25 16:12:10 +0800 2025,还是喜欢现制的,消极,0.35395407879018137
5247772790103021,KIKU-甜鞠,Thu Dec 25 16:33:23 +0800 2025,感觉没啥区别只要商家提前注明就好,积极,0.7262797496114217
5247772790103021,可达不刘Wer,Thu Dec 25 16:36:23 +0800 2025,西贝也是认清了自己的位置,积极,0.7647745242989714
5247772790103021,云边听潮声,Thu Dec 25 17:22:13 +0800 2025,产品配不上高价，必定会遭受顾客质疑。,消极,0.10646977629771552
5247772790103021,奇妙的松果,Thu Dec 25 16:18:52 +0800 2025,透明和尊重才能留住客户,积极,0.7598838477460959
5247772790103021,幸运幸福2422,Thu Dec 25 16:12:26 +0800 2025,这么大牌真不应该用预制菜,消极,0.4311962053431436
5247772790103021,哲远优思,Thu Dec 25 18:48:22 +0800 2025,自己找事情,消极,0.13517179185840583
5247772790103021,恐龙小柚,Thu Dec 25 16:46:20 +0800 2025,还不如早点清醒呢,消极,0.26987476655956166
5247772790103021,PM700一730,Thu Dec 25 16:44:36 +0800 2025,西贝狼狈吗？,消极,0.10807791086380786
5247772790103021,一口吃不掉烦恼,Thu Dec 25 16:35:41 +0800 2025,预制菜有些也是挺好吃的，只要安全就行,积极,0.6899266858126794
5247772790103021,大好一棵树,Thu Dec 25 16:26:10 +0800 2025,终于，人间清醒了,积极,0.8880544646360363
5247765330002607,吃瓜罗菲鱼,Thu Dec 25 15:43:59 +0800 2025,他是西贝的董事长吗,积极,0.6437758288651025
5247765330002607,1陈不变-,Thu Dec 25 15:39:03 +0800 2025,本来就没理还硬刚,消极,0.10180334484039817
5247765330002607,长安搬砖客,Thu Dec 25 16:19:14 +0800 2025,终于认怂了,消极,0.49280121060585813
5247765330002607,格格来了0503,Thu Dec 25 16:18:23 +0800 2025,现在后悔了,消极,0.11303219744500852
5247765330002607,糯山猫毛卷,Thu Dec 25 16:11:04 +0800 2025,不喜欢这个态度 做生意本来就该真诚,消极,0.10104499648198369
5247765330002607,弋个月亮呀,Thu Dec 25 16:01:57 +0800 2025,现在怎么样了？,消极,0.14680087980258588
5247765330002607,小葡叶,Thu Dec 25 16:01:05 +0800 2025,西贝现在也是挺过来了,积极,0.7433634904597994
5247765330002607,小怡夏日恋啵记,Thu Dec 25 15:48:52 +0800 2025,这个肯定不能硬刚,消极,0.22223513977025888
5247765330002607,半拍不爱魚iio,Thu Dec 25 15:48:27 +0800 2025,现在后悔有什么用,消极,0.2258809356436693
5247765330002607,峥血旺不要放香菜_,Thu Dec 25 15:46:39 +0800 2025,原来是西北董事长,积极,0.7135333973828892
5247765330002607,当我爱上一个天使,Thu Dec 25 15:43:37 +0800 2025,就是呀 不硬刚还好看点,消极,0.3786643177709543
5247765330002607,屋顶数馨馨,Thu Dec 25 16:51:41 +0800 2025,说的啥,消极,0.10360642670232148
5247765330002607,雪兔椰猫,Thu Dec 25 15:46:58 +0800 2025,真的一定要真诚啊,消极,0.20029075603517582
5247765330002607,谷夭夭,Thu Dec 25 18:07:27 +0800 2025,睡不着也是自己作的,消极,0.10504660941316556
5247765330002607,--麻辣酱,Thu Dec 25 16:39:50 +0800 2025,真的不知道哪里来的底气,消极,0.10847164123418558
5247765330002607,刺猬不扎手啊,Thu Dec 25 16:38:48 +0800 2025,现在后悔晚了,消极,0.10443859788271781
5247765330002607,网络装逼侠,Thu Dec 25 16:38:22 +0800 2025,以后还是好好做吧,消极,0.10830875905740416
5247765330002607,体圈小仙女,Thu Dec 25 16:34:26 +0800 2025,可惜没有重来,积极,0.5139070199162717
5247765330002607,峥血旺不要放香菜_,Thu Dec 25 15:46:23 +0800 2025,中国运动员加油啊,积极,0.8794510515239835
5247765330002607,琯岑,Thu Dec 25 17:19:37 +0800 2025,完全没感觉自己错了,消极,0.11304450972781256
5247765330002607,柠檬撞奶呀,Thu Dec 25 16:22:54 +0800 2025,感觉不硬刚也没有这么惨啊,积极,0.7439146341103082
5247765330002607,很萌呀,Thu Dec 25 15:55:26 +0800 2025,还是不要吃预制菜了,消极,0.21458424669706844
5247765330002607,小怡还想吃,Thu Dec 25 15:51:39 +0800 2025,这个还是不能硬刚,消极,0.21051697704106098
5247794470193335,我不能叫名字了,Sun Dec 28 16:10:27 +0800 2025,他只是知道自己要死了,积极,0.5002694651324902
5247790206684433,星野诗话,Thu Dec 25 17:17:43 +0800 2025,花钱买的是安心，不是被忽视的知情权。,积极,0.8840528787086441
5247790206684433,张江漫步,Thu Dec 25 17:25:56 +0800 2025,简直是我的嘴替 ，圣诞快乐呀！,积极,0.6122550517860873
5247790206684433,自在李文,Tue Jan 06 23:22:27 +0800 2026,认同知情权才是关键！西贝早就整改了，后厨直播+开放参观，食材工艺全透明,积极,0.6123537638584935
5247787476191521,我该怎么办啊86,Thu Dec 25 17:08:51 +0800 2025,这个有点意思啊，可以看看的,积极,0.8354806417628424
5247787476191521,万绿丛中一点红199202,Thu Dec 25 17:12:24 +0800 2025,认真改错，态度诚恳！,积极,0.6905144414427952
5247787476191521,贵安100,Thu Dec 25 17:11:29 +0800 2025,真的得好好看看,积极,0.5866481368699198
5247787476191521,步步向晚情,Thu Dec 25 17:09:25 +0800 2025,改正了就已经很好了,积极,0.8270161901506526
5247787476191521,心静若幽兰,Thu Dec 25 17:23:02 +0800 2025,看来之前那波舆论确实把他整怕了,积极,0.6039108617937728
5247787476191521,起司奶香饼干,Thu Dec 25 17:18:47 +0800 2025,检查没问题，说明之前的风波可能更多的还是公关问题，不是品质问题,积极,0.7931155353701342
5247787476191521,可乐要加冰无糖,Thu Dec 25 17:18:28 +0800 2025,八十多次检查都没事，说明底子还是干净的，这点必须承认,积极,0.5168377915875709
5247787476191521,一只甜甜桃,Thu Dec 25 17:18:00 +0800 2025,听话听音，不再做个人IP就是知道自己几斤几两，回归本行挺好。,积极,0.876428981764073
5247787476191521,雾枝藏星子,Thu Dec 25 17:12:23 +0800 2025,很不容易了,消极,0.27169847439367634
5247787476191521,别弄脏我裙摆,Thu Dec 25 17:10:25 +0800 2025,一定要好好改正哦,消极,0.2841578536785845
5247787476191521,财源旺旺旺,Thu Dec 25 17:24:09 +0800 2025,犯错不可怕，可怕的是不知道自己错了，不知道怎么改。看他的整改动作算是找对路了,积极,0.7103135415668589
5247787476191521,墟時栩語,Thu Dec 25 17:09:02 +0800 2025,改正了就可以呀,积极,0.7598443188267197
5247787476191521,我是黑暗中的一束光,Thu Dec 25 17:10:11 +0800 2025,贾总这是让我们看到了希望啦,积极,0.897520628881648
5247785926658002,鲶埝鲇,Thu Dec 25 18:21:13 +0800 2025,默默的吃着瓜,积极,0.8489955670466571
5247785926658002,娱乐婶儿,Thu Dec 25 17:29:37 +0800 2025,最近西贝又可以了,积极,0.8629300982924633
5247785926658002,桉无诤,Thu Dec 25 18:08:39 +0800 2025,现在价钱下来了吗？,积极,0.6128120206078875
5247785926658002,雲顺丽淑,Sat Dec 27 18:19:10 +0800 2025,轻舟已过万重山，乌蒙山连着山外山⛰️,消极,0.2241451409538573
5247785926658002,猫的第七个哈欠,Thu Dec 25 17:08:03 +0800 2025,西贝应该还有很多真爱粉的，毕竟这么多年了,积极,0.843139624839307
5247785926658002,C-熟年冰美式,Thu Dec 25 18:27:31 +0800 2025,哎这么多预制菜,积极,0.5129015377268047
5247785926658002,豆包视影,Thu Dec 25 17:30:38 +0800 2025,西贝是个地名？还是店名？,积极,0.5267103389535606
5247785926658002,房子里的那些事儿,Thu Dec 25 17:10:02 +0800 2025,西贝莜面村就餐环境不错,积极,0.8492985659156403
5247785926658002,风云独揽,Thu Dec 25 17:30:08 +0800 2025,精彩博文欣赏,积极,0.7367927945092674
5247785926658002,风云独揽,Thu Dec 25 17:30:30 +0800 2025,看了他的近况，一言难尽,积极,0.8091903071288271
5247785926658002,陈大婉是小机灵儿,Thu Dec 25 21:47:47 +0800 2025,重要的是跟谁一起吃,积极,0.6639742737918027
5247785926658002,L素心浅笑Y,Thu Dec 25 20:01:20 +0800 2025,食欲满满,积极,0.8904856428287786
5247785926658002,奇妙的松果,Thu Dec 25 18:00:52 +0800 2025,正好调整价格降点价,消极,0.45523980570811706
5247785926658002,Lucky小能手,Thu Dec 25 18:03:21 +0800 2025,当初就不该吵架,消极,0.1333115690319562
5247785926658002,财姥姥姥,Sat Dec 27 19:29:44 +0800 2025,真会拍照 每一帧都拍的很美,积极,0.8974673482582404
5247742303539214,李的望舒,Thu Dec 25 16:46:02 +0800 2025,不是知道错了 是自己要没生意了,消极,0.10692996678261571
5247742303539214,北海浪里小白龙,Thu Dec 25 16:18:15 +0800 2025,本来以为西贝是不及格，那么大餐厅居然是预制菜，结果新闻爆出来，西贝居然已经是行业里面的优秀，各种学校食堂指鼠为鸭,积极,0.7941205653253292
5247742303539214,乐观的生产队毛驴,Thu Dec 25 16:48:32 +0800 2025,评论里全是赛博生命，他不是知道错了，是知道自己要死了！！！,积极,0.7841444182711825
5247742303539214,魔法少年剑骨头,Thu Dec 25 17:06:02 +0800 2025,在是非上他也不占理啊？还明辨是非呢,消极,0.2981184700671967
5247742303539214,颜如玉2018,Thu Dec 25 15:48:19 +0800 2025,我呸，傲慢的一塌糊涂，信他个鬼,消极,0.10138142414816026
5247742303539214,用户6411889663,Thu Dec 25 16:56:17 +0800 2025,只希望西贝破产,消极,0.14140784512596397
5247742303539214,喝茶论道谈风月,Thu Dec 25 16:51:09 +0800 2025,南墙是最好的老师,消极,0.29710973272166097
5247742303539214,悠味源,Thu Dec 25 14:33:30 +0800 2025,贾国龙是真“认怂”了，但改的确实漂亮，说的也都是实在话,消极,0.41891122941905223
5247742303539214,啊Fing,Thu Dec 25 16:58:17 +0800 2025,真诚但笨拙你是要笑死谁,消极,0.10565065567742797
5247742303539214,啊Fing,Thu Dec 25 16:57:45 +0800 2025,不是“精明”的商人,消极,0.11079525251893836
5247742303539214,我才是白粥,Thu Dec 25 16:54:32 +0800 2025,不是知道自己错了，是没钱赚了,消极,0.10818338722153492
5247742303539214,不要乱发脾气yo,Thu Dec 25 14:18:31 +0800 2025,整改这百十来天动作不少，能不能翻身还得看长期表现,消极,0.3483380265733899
5247742303539214,Nobody20160509,Thu Dec 25 17:26:07 +0800 2025,还说自己家孩子一直吃，真给自己家孩子吃转基因油加预制菜吗？不说天天吃，一周吃三天有吗？！良心一开始就没有了，这是问题所在！,消极,0.10114506388469749
5247742303539214,创意药丸,Thu Dec 25 17:26:05 +0800 2025,他还有很多其它生意。而且至今他还没有明白自己哪错了。,消极,0.265290698778311
5247742303539214,Nobody20160509,Thu Dec 25 17:26:01 +0800 2025,并不知道自己问题存在哪里，不硬刚不开放厨房人家抓不到他的问题他就还好好的，是这个意思吗？！不是没爆出来就没问题的！首先，你的单价本来也不低，你用转基因油啊？！还狡辩给员工吃的！其次，明明就是大部分提前做好的预制菜，加热后就能端上桌的“快餐”！为啥嘴硬没有一道预制菜呢？！,消极,0.10190997263930043
5247742303539214,大叔刚满十八岁,Thu Dec 25 16:50:50 +0800 2025,再嘴硬就真的没生意了,消极,0.10212130661543399
5247742303539214,蓝猫袋子,Thu Dec 25 18:53:08 +0800 2025,幽默,积极,0.869166174284058
5247742303539214,用户7739962904,Thu Dec 25 17:59:27 +0800 2025,早点倒闭，为市场诚信树立反面案例。,消极,0.13134305976353597
5247742303539214,逆光_2021,Thu Dec 25 17:49:24 +0800 2025,他不是知道错了，而是准备换一种更隐蔽的方式骗顾客,消极,0.10149010278147338
5247742303539214,近乎你过来咯,Thu Dec 25 17:46:02 +0800 2025,贾总，你得支棱起来，别丢范啊,积极,0.843959751089713
5247742303539214,意心堂,Thu Dec 25 17:45:34 +0800 2025,前两个是错了，第三个没错。,积极,0.5184899551083874
5247742303539214,低级公知卡菊轮,Thu Dec 25 17:31:57 +0800 2025,破产我们就接受道歉,消极,0.3241614201039617
5247742303539214,Achiner,Thu Dec 25 17:30:39 +0800 2025,这面相笑的好阴险,消极,0.19361224544381017
5247742303539214,叶子叶子叶子Go的亲爹,Thu Dec 25 17:27:47 +0800 2025,他眉毛是纹的吗,消极,0.3557120209567465
5247742303539214,SuTaMiao,Thu Dec 25 17:26:45 +0800 2025,主要原因是：没有刚赢，赢了啥都对,消极,0.1886554206494786
5247742303539214,tonypop2010,Thu Dec 25 17:23:25 +0800 2025,背后金主收拾他了吧,消极,0.1496867675919118
5247742303539214,宇智波KKYY,Thu Dec 25 17:22:50 +0800 2025,以前不是很傲慢吗？,消极,0.13288462068912238
5247742303539214,123豌豆,Thu Dec 25 17:22:45 +0800 2025,服气,积极,0.638586240739096
5247742303539214,向前走海阔天蓝,Thu Dec 25 17:21:11 +0800 2025,错在以次充好，欺骗顾客，到现在还不敢承认，还想洗白,消极,0.10291269707373238
5247742303539214,送流水ovo,Thu Dec 25 17:19:46 +0800 2025,多坑点，少坑点的区别，这么多家店全部转型亲子餐厅又不可能,消极,0.14020459754851983
5247742303539214,瑜瑜888555,Thu Dec 25 17:19:02 +0800 2025,西贝的菜挺好吃的,积极,0.7515030817780939
5247742303539214,秋梓40723,Thu Dec 25 17:17:39 +0800 2025,客流量少了90%，往年周六日 西贝门口排号 很长时间,消极,0.240194213507395
5247742303539214,jump2fly,Thu Dec 25 17:16:00 +0800 2025,卖到萨莉亚的价位我还能去尝尝,消极,0.4553672935683494
5247742303539214,麻酱香油加辣,Thu Dec 25 17:13:54 +0800 2025,他不是觉得自己错了，而是发现顾客不买单了,消极,0.12580617583937226
5247742303539214,Jack丨YJH,Thu Dec 25 17:13:24 +0800 2025,还能活，就是吃他饭那些人的责任，资本家不值得同情,消极,0.134038582121143
5247742303539214,迪拿哈奇达,Thu Dec 25 17:09:46 +0800 2025,拉倒吧主要吃不起,消极,0.10090624217086164
5247742303539214,钟爱一生555888,Thu Dec 25 17:08:11 +0800 2025,那副画有链接吗,积极,0.5257839809476792
5247742303539214,开心老狼微博,Thu Dec 25 17:07:07 +0800 2025,千万别自我膨胀就好,消极,0.26031561191110697
5247742303539214,李察震撼罗,Thu Dec 25 17:06:59 +0800 2025,最大的问题，不是其他，就是欺骗消费者。当消费者是傻子。,消极,0.10118217090630387
5247742303539214,生如夏花2502772602,Thu Dec 25 17:06:47 +0800 2025,预制菜嘴硬，就是自毁形象,消极,0.10224295624254413
5247742303539214,析贝-Ophiuchus,Thu Dec 25 17:05:59 +0800 2025,那不还是你自己作的。你要是当时冷静一点，能出后面那么大的风波吗,消极,0.11723711828557097
5247742303539214,越狱兔___,Thu Dec 25 17:05:47 +0800 2025,整不到钱了当然什么都说得出来了,消极,0.10232802887643726
5247742303539214,用户7734653307,Thu Dec 25 17:04:10 +0800 2025,到现在他不知道自己错在哪里，搞笑啊,消极,0.25094117865592125
5247742303539214,周彦楷的深度思考,Thu Dec 25 17:03:28 +0800 2025,最大的错误就是结识了俩大脑袋,消极,0.3466180890046239
5247742303539214,呼吸TzT,Thu Dec 25 17:01:44 +0800 2025,南方周末这个节目可是辱华好多次,消极,0.11630550123108778
5247742303539214,ymdepk,Thu Dec 25 17:01:04 +0800 2025,能干什么活，炒菜吗,消极,0.10976284578221782
5247742303539214,呆呆我的呆,Thu Dec 25 16:58:07 +0800 2025,相由心生 反正这个价格我一次没吃过,消极,0.2682044281729503
5247742303539214,蜜思特褚,Thu Dec 25 16:53:42 +0800 2025,放心他不是真的知道错了，只是没有办法了，自己和身边的人弄的一个个笑话，还不如闭嘴什么都不说呢,积极,0.5059557742024055
5247742303539214,雪天脱光膀,Thu Dec 25 16:52:21 +0800 2025,你要好好的不吹牛逼也没啥事儿,积极,0.5770210288176827
5247742303539214,十亩山田云暖茶,Thu Dec 25 16:51:27 +0800 2025,换了公关团队？,消极,0.2597765497140465
5247742303539214,肉子收藏包,Thu Dec 25 14:32:45 +0800 2025,能看出贾国龙这次的认错不是表演，西贝的改变就是证明,积极,0.6316810452420697
5247742303539214,风清月月明,Thu Dec 25 14:29:28 +0800 2025,西贝的梦想还是很宏大的，而且能看出是在认真思考的，就冲这个就值得鼓励,积极,0.8975709167167707
5247742303539214,嚼嚼菠萝冰,Thu Dec 25 14:27:46 +0800 2025,好像这是闭麦以后首次发声？真诚的道歉+扎实的整改，这才是顶级公关！,积极,0.847439142179249
5247742303539214,听说会有你,Thu Dec 25 14:27:27 +0800 2025,认错态度挺诚恳的，整改措施也到位，老贾的嘴这次终于过关了,积极,0.7460944424788181
5247742303539214,飞呀飞飞飞,Thu Dec 25 14:26:15 +0800 2025,认错态度有了，整改也做了，先观察一段时间吧,积极,0.5505103701006675
5247742303539214,耐心金毛看比赛,Thu Dec 25 16:48:33 +0800 2025,喜欢西贝的人先吃，观察几年，等库存消化得差不多了，再来看看什么情况,积极,0.821569742670556
5247742303539214,宝来的吉利帝豪,Thu Dec 25 14:28:23 +0800 2025,别的不说，西贝这种大餐饮确实提供了很多就业机会，别真给搞黄了,积极,0.640772769993248
5247742303539214,用户6886927085,Thu Dec 25 16:54:23 +0800 2025,今天西北的软文商单刷屏了,积极,0.7900856976333699
5247742303539214,生活的圆,Thu Dec 25 17:34:01 +0800 2025,还能降价加涨薪你就知道这些预制菜利润有多大了 如果有人觉得是亏本赚名声的话 那真的是恭喜了这辈子有了,积极,0.8695672059389864
5247742303539214,用户7646301426,Thu Dec 25 17:07:43 +0800 2025,这就憋不住了？,消极,0.1356248531505669
5247742303539214,MuMu-会游泳的鱼,Thu Dec 25 17:04:29 +0800 2025,他的目的达到了,消极,0.49312512968369615
5247742303539214,用户7742301276,Thu Dec 25 17:04:57 +0800 2025,别介呀，怂货,消极,0.1017656417442772
5247742303539214,不带字母和数字,Thu Dec 25 16:42:49 +0800 2025,一年赚一个亿还是十个亿他都是那么吃喝玩乐，受影响的只有那些闭店的代理和失业的职工,消极,0.10491251063555083
5247742303539214,H21123536,Thu Dec 25 20:30:50 +0800 2025,用冷冻一年的西兰花，做儿童套餐，还觉得他的店很上档次，实在无法理解，是收割中产阶层的时候不装逼不符合市场定位么？这么看，监狱里的三鹿奶粉的老板，也只认为自己倒霉，不认为自己有罪,消极,0.10599700977053376
5247742303539214,Helianthus80200209,Thu Dec 25 17:08:57 +0800 2025,连带着感觉南方周末这出洗地稿的媒体也不是什么好东西,消极,0.13490896247730216
5247742303539214,Hansen-z,Thu Dec 25 16:27:22 +0800 2025,不反思自己的企业用料、菜品、管理的问题，只反思自己不该硬刚罗永浩，这叫反思吗？意思是打算以后继续用劣等食物、超长保质期预制菜糊弄消费者，骗这邦sb消费者没有错，错的是让这邦sb消费者知道了真相。以后坏事继续干，只不过打死不再乱出声，闷声作恶？,消极,0.10225003615977704
5247787723391514,喜欢追逐黄昏,Thu Dec 25 17:16:04 +0800 2025,这个咱们吃瓜就行了,积极,0.7799846214938526
5247787723391514,18_laIa-S22,Thu Dec 25 18:22:46 +0800 2025,说不定哪天还得整起来,消极,0.15563554006347266
5247787723391514,我是幸运的皮卡丘,Thu Dec 25 19:28:11 +0800 2025,我估计罗永浩这一次也够呛了。,消极,0.11054399617710144
5247787723391514,至尊超级无敌暴龙神,Thu Dec 25 17:26:54 +0800 2025,可见都是懂得玩流量的,消极,0.1637595985846111
5247787723391514,小锦鲤妖精,Fri Dec 26 01:13:02 +0800 2025,人们即使知道是预制菜 买的也挺多,消极,0.36022519017003274
5247787723391514,jiayi_爱吃肉肉的招财猫m,Thu Dec 25 18:14:06 +0800 2025,这是个流量为王的时代，懂得都懂。,积极,0.8047311269212969
5247787723391514,一一是个狮子座Cassiel,Thu Dec 25 18:07:53 +0800 2025,也是热度流量都赚够了。,积极,0.8628691896236234
5247787723391514,明天都好困,Thu Dec 25 18:01:15 +0800 2025,预制菜风波也是为了流量,消极,0.49082006949723156
5247787723391514,戒烟戒酒为健康,Thu Jan 01 10:32:23 +0800 2026,这风波挺大的,积极,0.8879604000860837
5247787723391514,少女次元录,Sat Dec 27 16:09:13 +0800 2025,他这话也不知道是为了什么,消极,0.11050902966050645
5247787723391514,星河小雨落,Fri Dec 26 12:09:48 +0800 2025,默默地吃瓜啊,积极,0.8853099404348654
5247787723391514,殘風晓月JackSun,Fri Dec 26 10:09:06 +0800 2025,我们就安静的吃瓜,积极,0.890009449683032
5247787723391514,梦随之缘,Fri Dec 26 09:42:35 +0800 2025,有些事情大家看看就好了,消极,0.16551387205072843
5247787723391514,单富东,Fri Dec 26 09:32:30 +0800 2025,他就是一个网络黑社会,消极,0.10147839404040127
5247787723391514,单富东,Fri Dec 26 09:32:26 +0800 2025,人家选择不硬刚也是对的,积极,0.5839410865712239
5247787723391514,小枝咩o,Fri Dec 26 01:39:57 +0800 2025,他还是挺有想法的,积极,0.7771002859237797
5247787723391514,冰灵千山暮雪,Fri Dec 26 01:32:50 +0800 2025,管这种事干啥呢,消极,0.10565227096823702
5247787723391514,小锦鲤妖精,Fri Dec 26 01:12:54 +0800 2025,其实他这个公关处理得有点不及时,积极,0.6214617758490135
5247787723391514,船长飞扬,Thu Dec 25 23:33:46 +0800 2025,这个看看就好了,积极,0.7213817127213389
5247787723391514,期待刘总归来,Thu Dec 25 22:59:21 +0800 2025,对，这是实话的,积极,0.5291806535900405
5247787723391514,多鱼兜福,Thu Dec 25 21:08:36 +0800 2025,现在每天都有老多的流量,积极,0.898179302224392
5247787723391514,江晚一夏断余愁,Thu Dec 25 19:45:23 +0800 2025,玩互联网怎么比得过这种老油条,消极,0.10754024030784663
5247787723391514,星愿愿星,Thu Dec 25 19:14:22 +0800 2025,这是见事情过去一段时间了开始洗了？,消极,0.20348964200799669
5247787723391514,是無萝葵子,Fri Dec 26 06:44:55 +0800 2025,我觉得他的态度是正确的,积极,0.862065123427854
5247787723391514,2023开始好运不断,Fri Dec 26 06:41:44 +0800 2025,如果他学会了三十六计对谁伤害最大？,积极,0.72406575476125
5247787723391514,煲剧小妞6463899953,Fri Dec 26 06:37:35 +0800 2025,希望看到一个真实的西贝,消极,0.11646058087090487
5247787723391514,gagagagallllll,Fri Dec 26 06:34:01 +0800 2025,假如他学会了真的是好事吗,消极,0.4985187544437899
5247787723391514,善良的小阿瑾,Fri Dec 26 01:26:40 +0800 2025,他虽然吵架没有说过 但是这一次可不一定,积极,0.5110605523362466
5247787723391514,Wwwwkyqd,Thu Dec 25 22:41:40 +0800 2025,这个其实也不好说,积极,0.5247033188745377
5247787723391514,白日后如烟,Thu Dec 25 22:38:12 +0800 2025,现在知道后悔也没用了,消极,0.1114731679357624
5247787723391514,白日后如烟,Thu Dec 25 21:12:34 +0800 2025,这个咱们也说不好,消极,0.3158200687867305
5247787723391514,赵是赵志阳的赵-,Thu Dec 25 20:57:19 +0800 2025,我就安安静静的吃吃瓜,积极,0.8771706239262584
5247787723391514,夏天到了吗happy,Thu Dec 25 20:00:17 +0800 2025,罗永浩掀预制菜风波，贾国龙硬刚后转沉默改策略,积极,0.5009119231094247
5247787723391514,断崖2012百荷,Thu Dec 25 19:35:05 +0800 2025,不关注这些人,消极,0.1218767642674876
5247787723391514,鷙VwV悥_I76l7,Thu Dec 25 18:12:59 +0800 2025,以后还是得低调点,消极,0.2701971304928632
5247787723391514,登上鑫高峰,Tue Dec 30 09:01:12 +0800 2025,日本倒是好像真没预制菜，都是先包的，味增汤算是日本菜，不过韩国基本算是预制菜了，泡菜啥的。老罗算是对的起祖宗，背叛了民族,消极,0.26606824484967717
5247787723391514,seamanele,Mon Dec 29 20:54:15 +0800 2025,就问下，这一万八千多员工，交社保的比例有多少？,消极,0.45408364951267044
5247787723391514,練天如,Sat Dec 27 12:20:05 +0800 2025,西贝真的没什么错,积极,0.8764600360262449
5247787723391514,来自鲁的云,Thu Dec 25 18:16:51 +0800 2025,嗯，这回为什么认识到自己的错误了呢。,积极,0.5555080874361465
5247787723391514,认真读书的梨橙子,Fri Dec 26 06:30:03 +0800 2025,可能这次是长教训了,消极,0.1804267522563353
5247787073014218,无聊的馄饨,Thu Dec 25 17:13:14 +0800 2025,在微博能赚到400元，简直太不可思议了。,消极,0.437134852232964
5247787073014218,弯曲见闻,Fri Dec 26 11:21:10 +0800 2025,我铁粉数不够100个，薅不到微博的流量收益,消极,0.17149118284875087
5247787073014218,_雾明_,Thu Dec 25 17:10:04 +0800 2025,流量那么赚钱,积极,0.820716662747057
5247787073014218,2026010732BJ,Thu Dec 25 17:15:04 +0800 2025,西贝要是因此破产了，上万人可就失业了。,消极,0.48975629475257776
5247787970596289,给你一封信的时间,Thu Dec 25 17:12:14 +0800 2025,所以要用什么样的方式来挽回呢？,积极,0.72968578070072
5247787970596289,独立锦鲤在恋爱,Fri Dec 26 06:59:00 +0800 2025,知错能改，善莫大焉,积极,0.5493315724788772
5247787970596289,哇冰淇淋,Thu Dec 25 17:14:18 +0800 2025,知错能改，善莫大焉。现在就是看日后的改进,积极,0.8621927136943924
5247787970596289,庆庆爱吃玺红柿,Thu Dec 25 17:20:56 +0800 2025,最重要的是知错就改,消极,0.4351631396893474
5247787970596289,小鱼没尾巴two,Thu Dec 25 17:15:59 +0800 2025,知错就改 还是可以的,积极,0.6418815028391492
5247787970596289,风景够美,Thu Dec 25 17:12:01 +0800 2025,把所有的问题列出来然后改进,积极,0.7639869932615625
5247787970596289,不是废后,Thu Dec 25 17:12:00 +0800 2025,之后价格是会降低一点了吧,积极,0.6412777910598635
5247787970596289,蓝色彼岸花F34,Thu Dec 25 17:10:39 +0800 2025,他真的是很认真的在跟进时代,积极,0.8561733541575564
5247787970596289,西西里岛yaa,Thu Dec 25 17:20:10 +0800 2025,骄傲致误判，老贾真反思了,消极,0.1142477304551505
5247787970596289,乐极比生悲,Thu Dec 25 17:12:34 +0800 2025,主要还是看后面的表现,积极,0.6664608952797636
5247787970596289,爱一个人_好难520,Thu Dec 25 17:36:21 +0800 2025,贾国龙，一位企业家在沉默中找到了自我,积极,0.853737289021322
5247787970596289,甜妹言崽,Thu Dec 25 17:33:47 +0800 2025,实实在在的行动做事才是让消费者愿意买单的唯一,积极,0.8484734368867066
5247787970596289,玺玺la,Thu Dec 25 17:18:49 +0800 2025,80次检查合格，食安有底气,积极,0.8646716258613907
5247787970596289,山川之静,Thu Dec 25 17:18:45 +0800 2025,同时认识到自己的错误能整改非常的好,积极,0.8485040617756141
5247787970596289,K1ky0,Thu Dec 25 17:17:35 +0800 2025,用实际行动不是说是空头支票啊,消极,0.1343163124321844
5247787970596289,不吃火锅的锅锅,Thu Dec 25 17:17:05 +0800 2025,能有这种自我认知，同时也是同时整改,积极,0.5021118659695389
5247787970596289,浓浓西西,Thu Dec 25 17:16:40 +0800 2025,涨薪降价这波实打实的改进可以,积极,0.7122027527571191
5247787970596289,向阳而生逐光而行5,Thu Dec 25 17:16:37 +0800 2025,有错误就要改正啊,积极,0.5603236625465797
5247787970596289,我和炸鸡吵起来了,Thu Dec 25 17:16:21 +0800 2025,其实餐饮行业的信任重建本就靠实打实的行动吧,消极,0.14874636119854756
5247787970596289,宋晚意哇哇,Thu Dec 25 17:16:19 +0800 2025,知错就改 如果将实际放到这一块，也是可以看看,积极,0.5364479647685698
5247787970596289,kk恭喜发财kkk,Thu Dec 25 17:15:13 +0800 2025,58岁才知“老登”超真实呢,消极,0.2504724701223877
5247787970596289,做个快乐的大人啊,Thu Dec 25 17:12:51 +0800 2025,一定要好好反思一下的,积极,0.5737239435613446
5247787970596289,最少二你咋,Thu Dec 25 17:12:35 +0800 2025,从硬刚到认错做事，这份转变确实值得给机会 ​,积极,0.5870338833535499
5247787970596289,艾斯奥特曼666,Thu Dec 25 17:12:15 +0800 2025,他能够认识到自己的错误，已经够难能可贵了，希望能够赶紧改正吧！,积极,0.7643964484759209
5247787970596289,程大大跟牛叔叔的爱情故事,Thu Dec 25 17:12:14 +0800 2025,也是还好好反思一下了,消极,0.2862016686422948
5247787970596289,我的艳福,Thu Dec 25 17:11:55 +0800 2025,自我剖析归结于骄傲这份清醒实属少见,积极,0.81178949498576
5247787970596289,可乐炸丸子1,Thu Dec 25 17:11:54 +0800 2025,咱们还是得要多多关注一下,积极,0.5036564036556257
5247787970596289,墨明棋妙妙啊,Thu Dec 25 17:11:49 +0800 2025,能这样真的挺难得的,积极,0.8099962488851815
5247787970596289,留声唱片机199407,Thu Dec 25 17:11:50 +0800 2025,这种不找借口的认错方式真的很圈粉,积极,0.8597526968544571
5247787970596289,海棠传统文化低,Thu Dec 25 17:11:46 +0800 2025,把问题归为骄傲，这份反思的深度让人佩服 ​,积极,0.8959011619690755
5247787970596289,可心lucky666,Thu Dec 25 17:11:40 +0800 2025,希望可以有一个好一点的结局,消极,0.4149802639501097
5247787970596289,心中美味的瓜子,Thu Dec 25 17:11:38 +0800 2025,贾国龙直面错误不找借口的坦诚太难得,积极,0.8498240678534899
5247787970596289,浅色冬,Thu Dec 25 17:11:38 +0800 2025,这样的确实是挺难得了,积极,0.8336741858120149
5247787970596289,和你坠入爱河a,Thu Dec 25 17:11:36 +0800 2025,这份坦诚比空泛的道歉更有力量,积极,0.7050537352161086
5247787970596289,失败的小孩-,Thu Dec 25 17:11:34 +0800 2025,贾国龙58岁才知道老登啥意思，这细节也太真实了,消极,0.13024283396577488
5247787970596289,姬小韵,Thu Dec 25 17:11:32 +0800 2025,这么多天了，肯定认识到错误了呀@,积极,0.5003836093678529
5247787970596289,吃饱吃好就没烦恼咯,Thu Dec 25 17:11:30 +0800 2025,也应该去体验一下这种专访,积极,0.7457339641910294
5247787970596289,四月十八日晴天,Thu Dec 25 17:11:24 +0800 2025,作为公众人物，一定要注意自己的言行,消极,0.12114249471979092
5247787970596289,多喝热水啊哈哈啊,Thu Dec 25 17:11:18 +0800 2025,知错就改，就是必然的呀,积极,0.8145244750316607
5247787970596289,星坠枯萎千山,Thu Dec 25 17:11:16 +0800 2025,这样的专访也值得细看,积极,0.8802405643298812
5247787970596289,啦啦啦啦啦啦啦36,Thu Dec 25 17:11:05 +0800 2025,后厨透明直播超用心 欢乐使者让用餐更舒心,积极,0.8921671443606101
5247787970596289,爱喝可乐LXJ,Thu Dec 25 17:11:05 +0800 2025,期待以后会更好的样子,积极,0.8892007031700018
5247787970596289,桃子呀哈哈哈,Thu Dec 25 17:11:05 +0800 2025,让我们一起看看这个转变是真的假的,积极,0.8091373339646566
5247787970596289,一年生QQ-F22,Thu Dec 25 17:10:58 +0800 2025,现在能做到像他这样的真的不多,消极,0.3841696886116033
5247787970596289,爱琦琦没道理,Thu Dec 25 17:10:53 +0800 2025,以后一定要杜绝这样的事情,消极,0.14810776048195504
5247787970596289,好好吃饭最重要啊,Thu Dec 25 17:10:46 +0800 2025,这次专访值得细读的啊,积极,0.886494005047382
5247787970596289,红妮航航,Thu Dec 25 17:10:42 +0800 2025,这样的转变真的很不错的,积极,0.8342107863925889
5247787970596289,四十不惑xxl,Thu Dec 25 17:10:41 +0800 2025,这样的事情一定不能姑息,消极,0.1330933858577377
5247787970596289,别偷看我的蟹黄堡堡秘方方,Thu Dec 25 17:10:39 +0800 2025,有这样的转变就值得给机会,积极,0.7307459279950109
5247787970596289,细糠你吃的明白吗,Thu Dec 25 17:10:36 +0800 2025,这一次的专访的确是意识到了挺多了,积极,0.8360921063877896
5247787970596289,烧烤奶茶通通要,Thu Dec 25 17:10:13 +0800 2025,这样真的挺难得的,积极,0.8230922306538133
5247787970596289,wj999x,Sat Dec 27 11:58:14 +0800 2025,老贾翻出来罗太君以前的言论就赢了，根本不用刚,积极,0.5555788557977877
5247787970596289,白馒-头,Sat Dec 27 11:37:14 +0800 2025,希望他可以好好自我剖析深度呀,积极,0.8576273595863313
5247787970596289,无声之声009,Sat Dec 27 09:09:50 +0800 2025,维护自己的企业是人的正常反应，但是没有经历过成为网络舆论风口的贾国龙在这个事情上确实没有处理的经验,积极,0.5794778051465783
5247787970596289,嘻嘻喜姐,Fri Dec 26 10:18:03 +0800 2025,贾国龙的专访真的很值得细读,积极,0.8609580267211442
5247787970596289,小羊今天吃饱了没,Fri Dec 26 00:43:13 +0800 2025,承认错误 认真整改,消极,0.3379109615854645
5247787970596289,沐然子柒,Thu Dec 25 18:57:23 +0800 2025,食品安全不能容忍，还是要诚信经营,消极,0.13999820913004263
5247787970596289,B面的菠萝,Thu Dec 25 18:12:45 +0800 2025,这里的水军好cheap,消极,0.10105870244906877
5247787970596289,不苒凡俗气,Thu Dec 25 18:06:44 +0800 2025,知错就改，真是太重要了,消极,0.42402786139448095
5247787970596289,呆萌小梦版,Thu Dec 25 17:40:26 +0800 2025,知错就改真的很重要,积极,0.5124703238944477
5247787970596289,今生缘-随意,Thu Dec 25 17:28:40 +0800 2025,贾国龙，用行动证明了一个企业家的成长。,积极,0.8470848439411867
5247787970596289,村上男神,Thu Dec 25 17:27:31 +0800 2025,有反省才会有升级,积极,0.8466998783981126
5247787970596289,比谁书,Thu Dec 25 17:24:34 +0800 2025,出来说了很多的问题，消费者也愿意给时间,消极,0.21038795513317787
5247787970596289,小韦亚替换小伟,Thu Dec 25 17:19:05 +0800 2025,这波还是挺真诚的,积极,0.5434511844324362
5247787970596289,改变现状中啊,Thu Dec 25 17:18:44 +0800 2025,确实很不容易啊加油,积极,0.8705075641018567
5247787970596289,太监奥特曼2011,Thu Dec 25 17:18:03 +0800 2025,认识到了就要及时改正,消极,0.35675476947163176
5247787970596289,熊酱pig,Thu Dec 25 17:17:56 +0800 2025,终于是认识到错误了啊,消极,0.12740007200400777
5247787970596289,零零鼠壹,Thu Dec 25 17:17:22 +0800 2025,真的是非常的有意思,积极,0.6144878312987686
5247787970596289,我r多想忘了本人,Thu Dec 25 17:17:11 +0800 2025,低头认错，这份勇气比硬撑着体面多了，看行动吧,积极,0.8298147918314498
5247787970596289,mmin201902,Thu Dec 25 17:16:42 +0800 2025,这个反思还是很深刻的,积极,0.8840821018604401
5247787970596289,追梦不忘初芯,Thu Dec 25 17:16:18 +0800 2025,希望西贝越来越好,消极,0.4846659805718332
5247787970596289,呜啦啦噜Lala,Thu Dec 25 17:16:17 +0800 2025,主要是向现实低头了,消极,0.1011559266786005
5247787970596289,yi朵西蓝花,Thu Dec 25 17:15:50 +0800 2025,认识到错误就行了啊,积极,0.7192502626462101
5247787970596289,蜡毛小新-oh,Thu Dec 25 17:15:46 +0800 2025,一定要好好改正啊！一直在关注中,积极,0.6805786047138099
5247787970596289,这不就是妖精吗,Thu Dec 25 17:15:36 +0800 2025,那就值得给一次机会了呀,消极,0.30513331763039114
5247787970596289,南瓜头喃哈哈,Thu Dec 25 17:15:34 +0800 2025,知错能改不错啊,积极,0.6119980602322471
5247787970596289,咻咻咻咻咻嗯,Thu Dec 25 17:15:34 +0800 2025,知道错了的话，那就及时更改呀,积极,0.6202229861570714
5247787970596289,御御浅浅,Thu Dec 25 17:12:29 +0800 2025,还是先看一下会有什么样的改变,积极,0.6552840434600966
5247787970596289,去海边赶海怎么样,Thu Dec 25 17:11:12 +0800 2025,作为旁观者也是被打动了！,积极,0.8899264199383197
5247787970596289,我是真想和你走到最后,Thu Dec 25 17:10:53 +0800 2025,相信以后是可以越来越好的,积极,0.7255835050522392
5247787970596289,等待的日子怎么如此漫长,Thu Dec 25 17:10:37 +0800 2025,能够做出改变就是值得夸奖的,积极,0.8192002006505504
5247787970596289,时间实在过得太快,Thu Dec 25 17:10:19 +0800 2025,最重要的是已经在改变,积极,0.6553895650006325
5247787970596289,禾禾la,Thu Dec 25 17:24:02 +0800 2025,硬刚罗永浩后悔，坚决不重来,消极,0.18992476277818215
5247787970596289,寒风凛路,Thu Dec 25 17:13:23 +0800 2025,认识到错误改正错误真的很不错,积极,0.8449896454358281
5247787970596289,yi小袁子,Thu Dec 25 17:11:20 +0800 2025,有这样的人企业才能不断进步,积极,0.8418220321515519
5247787970596289,杀手锏出鞘,Thu Dec 25 19:56:12 +0800 2025,知错就改还是好样的,积极,0.8521810329923142
5247787970596289,尹框啊,Thu Dec 25 17:37:32 +0800 2025,知错就改就是好孩子，原谅你了,积极,0.8318025285343651
5247787970596289,吃了饭就不饿哈哈,Thu Dec 25 17:31:19 +0800 2025,每一项都是可感知的实际投入,积极,0.8831849925446505
5247787970596289,细菌学家老郭,Thu Dec 25 17:31:18 +0800 2025,格局至关重要,积极,0.7588798478455857
5247787970596289,木头历险记,Thu Dec 25 17:23:40 +0800 2025,知错就改的态度值得肯定,积极,0.7589196707701404
5247787970596289,雨中漫步在唱歌_01,Thu Dec 25 17:22:19 +0800 2025,慢扩张稳经营，西贝求稳健,积极,0.8840067980449021
5247787970596289,桃源中人2008,Thu Dec 25 17:21:37 +0800 2025,知错就改就好，以后一定要注意,积极,0.6665608157328308
5247787970596289,嘻嘻爱吃糖ya,Thu Dec 25 17:21:28 +0800 2025,魔术生日会，西贝玩新花样,积极,0.8138268534509763
5247787970596289,淡淡的忧伤521699,Thu Dec 25 17:20:59 +0800 2025,认错态度还挺难得的,积极,0.7179553023382255
5247787970596289,所愿皆成a,Thu Dec 25 17:20:13 +0800 2025,有态度就是好的,积极,0.7457038134514533
5247787970596289,在海一方127,Thu Dec 25 17:19:13 +0800 2025,西贝的100天改进清单，诚意满满！🍽️,积极,0.8933998248215289
5247787970596289,我想要静静21,Thu Dec 25 17:18:41 +0800 2025,认认真真的改正就好啊,积极,0.7286922539833114
5247787970596289,晚风晚风了哇,Thu Dec 25 17:18:04 +0800 2025,这也是看在眼里 确实是非常的少见,积极,0.6699373258373754
5247787970596289,林之漾_,Thu Dec 25 17:16:49 +0800 2025,这次认错确实挺走心的没找借口,积极,0.8854432609086444
5247787970596289,金门贵糖15,Thu Dec 25 17:16:29 +0800 2025,他用真实的行动去改进，支持贾国龙！,积极,0.7758209353335133
5247787970596289,杀手锏出鞘,Thu Dec 25 17:16:05 +0800 2025,还算是认识到自己的不足了,积极,0.5321386784562605
5247787970596289,说的就是你那咋了咋了,Thu Dec 25 17:15:55 +0800 2025,从硬刚到听劝值得给机会呀,积极,0.6493108973372728
5247787970596289,小羊枣泥la,Thu Dec 25 17:15:48 +0800 2025,贾国龙认4错，不甩锅超坦诚！,积极,0.8754260364587025
5247787970596289,h哈哈哈你看他,Thu Dec 25 17:15:37 +0800 2025,西贝降价涨薪超实在呀,积极,0.871689200287463
5247787970596289,我是大大美女o,Thu Dec 25 17:14:52 +0800 2025,贾国龙敢全揽责任好难得呀,积极,0.7489150493593228
5247787970596289,小小的天空里不该有乌云_,Thu Dec 25 17:13:10 +0800 2025,肯定是认识到错误的,消极,0.40350114193552145
5247787970596289,三十而已wxq,Thu Dec 25 17:12:25 +0800 2025,有时候真的要放大一点自己的格局,积极,0.5438176797535561
5247787970596289,你猜我为什么叫这个名字啊,Thu Dec 25 17:12:20 +0800 2025,是很认真的跟进时代的啊,积极,0.8565755335773957
5247787970596289,番茄炒面包片,Thu Dec 25 17:11:59 +0800 2025,实实在在的改进动作比再多的辩解都有用,积极,0.7408056471512993
5247787970596289,有你我世界环岛,Thu Dec 25 17:11:54 +0800 2025,真的让人看到了诚意的啊,积极,0.5922256650254241
5247787970596289,宋楚楚的猫,Thu Dec 25 17:11:41 +0800 2025,能够做出整改，以后越来越好,积极,0.5834514158179559
5247787970596289,夏日情透,Thu Dec 25 17:11:34 +0800 2025,能深层次感悟，我觉得还是能给机会,消极,0.4379279588877466
5247787970596289,十七十七啦啦啦,Thu Dec 25 17:11:26 +0800 2025,五十多岁才懂老登 贾国龙自我剖析太深刻,消极,0.1158163635307247
5247787970596289,吃了饭就不饿哈哈,Thu Dec 25 17:11:24 +0800 2025,值得我们慢慢品味的啊,积极,0.8884352010606108
5247787970596289,爱吃抹茶的小可爱1,Thu Dec 25 17:11:24 +0800 2025,我感觉这也是挺好的,积极,0.5629961823642844
5247787970596289,飞鸟旧林www,Thu Dec 25 17:11:09 +0800 2025,最近很多人都在关注这件事情,积极,0.6835224330249986
5247787970596289,-绅士一枚,Thu Dec 25 17:10:29 +0800 2025,我也感觉这确实是值得的,积极,0.8007550089418146
5247787970596289,累了困了倒头就睡,Thu Dec 25 17:10:05 +0800 2025,这也是值得让我们去细细品味,积极,0.8692893357801523
5247780581019387,元1003,Thu Dec 25 17:02:17 +0800 2025,不错的分享,积极,0.8423903463789003
5247780581019387,K8欣悦,Thu Dec 25 17:03:35 +0800 2025,节日快乐,积极,0.8326377905156761
5247780581019387,休正在线,Thu Dec 25 16:41:33 +0800 2025,看表情应该是背后有高人，不是发自内心的真诚的,消极,0.10495322230126695
5247780581019387,莱恩的蓝宝石,Thu Dec 25 16:39:36 +0800 2025,贾总，聪明,积极,0.6013003197835133
5247780581019387,Alice国王,Thu Dec 25 17:18:45 +0800 2025,只是认输，根本没认错,消极,0.10059070749230001
5247780581019387,百合a1168,Thu Dec 25 17:25:44 +0800 2025,圣诞节快乐,消极,0.2316161372629203
5247780581019387,微笑开心小丸子,Sat Dec 27 12:20:32 +0800 2025,认错了吗,消极,0.13911022032583487
5247780581019387,用户6486060527,Thu Dec 25 17:11:59 +0800 2025,华与华还是有点作用的,消极,0.37479983894049196
5247780581019387,香香的脚气,Thu Dec 25 16:49:36 +0800 2025,时间点很妙呀，正好是公孙玉龙被鞭尸的时候,积极,0.6328975681658562
5247786233898725,看足协笑话,Thu Dec 25 18:44:32 +0800 2025,不懂什么是新鲜,消极,0.10933665285872639
5247786233898725,阿义的微博号,Thu Dec 25 17:50:53 +0800 2025,以前不关注 现在不关注 以后我也不会关注。都不觉得这有啥好吃的 价格那么贵,消极,0.10873948993829988
5247786233898725,A-haaa,Thu Dec 25 18:16:23 +0800 2025,最大的错误难道不是撒谎说不是预制菜么，西贝可能不该死，这老比登真是个无赖,消极,0.10351469060436636
5247783637358256,你最爱的二十,Thu Dec 25 17:07:45 +0800 2025,就没想过为什么大部分人觉得西贝他就是预制菜呢？,消极,0.22846635695303763
5247783637358256,你的样子66666666,Thu Dec 25 21:49:19 +0800 2025,学学人家立刚。,积极,0.8340393664315343
5247783637358256,jgdqygh,Thu Dec 25 17:58:34 +0800 2025,擅长经营不擅长舆论，这堂课学费有点贵，希望能补一补短板发展越来越好,积极,0.6834860061535437
5247784242645447,戒酒门诊聚一聚,Thu Dec 25 18:48:27 +0800 2025,不可避免,积极,0.840013945074
5247780399876620,小锦鲤是我喵,Tue Dec 30 10:51:45 +0800 2025,看看,积极,0.846971235843057
5247780399876620,一致的鹏远,Thu Dec 25 22:53:25 +0800 2025,贾老板开始还硬钢,积极,0.5483743105576906
5247780399876620,帅帅帅帅帅2001,Thu Dec 25 17:43:30 +0800 2025,好吧,消极,0.4271406106676629
5247780399876620,香锅突然不香了,Fri Dec 26 22:47:33 +0800 2025,是的，预制菜就卖预制菜价格,消极,0.10752710656367725
5247779321939932,Ting灬辉少,Thu Dec 25 16:36:50 +0800 2025,贾国龙坦诚道歉，值得我们的理解与支持。,积极,0.8650798445642323
5247779321939932,马踏炎难关,Thu Dec 25 16:36:49 +0800 2025,风波过后，反思与成长更重要！,积极,0.8296354207636909
5247779321939932,那冬季来临,Thu Dec 25 16:36:50 +0800 2025,勇于认错，有助于重建信任！,积极,0.7078040818891651
5247779321939932,茂茂的茂i,Thu Dec 25 16:36:50 +0800 2025,风波后他勇于认错，值得尊重！,积极,0.8649386210282302
5247781342282842,评论罗伯特,Thu Dec 25 16:42:30 +0800 2025,贾总这是经历了从“预制菜之王”到“现做菜学徒”的华丽转身啊，以后上菜是不是还得加个“现炒ing...”的状态栏？,积极,0.8883163884629113
5247777615382722,任叔岳,Thu Dec 25 16:29:16 +0800 2025,贾国龙回应西贝风波,积极,0.5697227434679718
5247777615382722,东吴士大夫,Thu Dec 25 16:26:11 +0800 2025,贾国龙的100天后回应，期待精彩！,积极,0.8432583668102893
5247777615382722,卍-23,Thu Dec 25 16:28:13 +0800 2025,真的了解了,积极,0.8234920240502106
5247777615382722,安然a岁月,Thu Dec 25 16:27:57 +0800 2025,关注了解一下,积极,0.5753765805531685
5247777615382722,姑娘我光芒万丈呢,Fri Dec 26 11:37:12 +0800 2025,知错能改，善莫大焉，值得肯定！,积极,0.8284871371981467
5247777615382722,再努力ooo,Thu Dec 25 16:34:29 +0800 2025,消费者总是排在第一位的,积极,0.81544052922319
5247777615382722,onlyyyzz,Thu Dec 25 16:29:27 +0800 2025,说的很对消费者开心，生意就好了。,积极,0.897456435750837
5247777615382722,哼哼唧唧的小妮,Thu Dec 25 16:29:11 +0800 2025,有些商家企业不吃亏永远不会长记性,消极,0.11280623625979673
5247777615382722,玺庆庆呐,Thu Dec 25 16:28:58 +0800 2025,引以为鉴，以后不要这样了,消极,0.10838240337951328
5247777615382722,万绿丛中一点红199202,Thu Dec 25 16:28:49 +0800 2025,消费者开心了，自然生意就来了,积极,0.8785626518268401
5247777615382722,vanillaaa,Thu Dec 25 16:28:48 +0800 2025,看到这里，心都软了一下！,积极,0.7220950460653995
5247777615382722,苟富贵好几遍v,Thu Dec 25 16:28:46 +0800 2025,感谢分享，了解一下,积极,0.784798986210788
5247777615382722,Kassandraa,Thu Dec 25 16:28:34 +0800 2025,以后会更好呢,积极,0.8613254346499645
5247777615382722,比谁书,Thu Dec 25 16:28:26 +0800 2025,以后会引以为鉴，也希望会更好,积极,0.7022573528040539
5247777615382722,总有傻子念我名字,Thu Dec 25 16:28:23 +0800 2025,温柔回应，看到用心的努力,积极,0.8818022870009372
5247777615382722,迷恋茶之趣,Thu Dec 25 16:28:21 +0800 2025,来了解一下吧,积极,0.8630750913289376
5247777615382722,锦鲤附体521V,Thu Dec 25 16:28:04 +0800 2025,一起来看看吧,积极,0.589062962469427
5247777615382722,阳光明媚的每一天6a,Thu Dec 25 16:28:01 +0800 2025,简单了解一下,积极,0.8227829400183992
5247777615382722,阳光明媚6j,Thu Dec 25 16:28:43 +0800 2025,以后要引以为戒,消极,0.10908178596669682
5247777615382722,新的开始gf,Thu Dec 25 16:28:34 +0800 2025,希望都能够吸取教训,消极,0.13606099944256725
5247777615382722,花语初夏,Thu Dec 25 16:27:53 +0800 2025,真的需要很大的勇气,消极,0.1170503661482601
5247777615382722,要中彩票五百万啦,Thu Dec 25 16:27:38 +0800 2025,顾客的心意最重要啊,消极,0.32827496414083723
5247777615382722,叁声有星星,Thu Dec 25 16:36:11 +0800 2025,贾国龙痛定思痛，反思深刻，亡羊补牢显真章。,积极,0.8840640480183112
5247777615382722,可乐要炸毛了,Thu Dec 25 16:36:09 +0800 2025,认错勇气可嘉，风波教训深刻，需以顾客为中心。,积极,0.81809731879531
5247777615382722,最近很期待,Thu Dec 25 16:36:09 +0800 2025,承认错误，及时纠正是企业成长之必经。西贝这次风波暴露问题，值得行业借鉴。,积极,0.6862045557432594
5247777615382722,热血乄天下遨龍vHtP,Thu Dec 25 16:36:09 +0800 2025,贾国龙勇敢认错，但企业危机需防微杜渐。,积极,0.7906739861320716
5247777615382722,今生缘-随心,Thu Dec 25 16:31:27 +0800 2025,贾国龙这次道歉态度诚恳，让人看到了一个企业的担当。,积极,0.8906355366978715
5247777615382722,Echoll1998,Thu Dec 25 16:33:16 +0800 2025,一定要注意,消极,0.23130374620462918
5247777615382722,所愿皆成a,Thu Dec 25 16:28:06 +0800 2025,这个回应还比较诚实，的确是这几个应对问题,积极,0.8292054970017944
5247777615382722,血色修罗iV,Thu Dec 25 16:27:55 +0800 2025,什么情况啊,积极,0.5504128371281722
5247777615382722,Hugesum来我家,Thu Dec 25 16:27:51 +0800 2025,自己认错&quot;这样的话，需要很大的勇气,消极,0.3063659805798551
5247777615382722,淡淡的勾画曾经,Thu Dec 25 16:27:47 +0800 2025,看一看，瞧一瞧,积极,0.8803633135847377
5247778752037607,自由新干线,Thu Dec 25 16:31:48 +0800 2025,重生，你回到了被曝光的前一天,积极,0.8276454122611341
5247778752037607,2025未发车,Fri Dec 26 03:34:45 +0800 2025,不如关了，重新换个商标继续卖,消极,0.14189538538187638
5247778752037607,是小十九呀lo,Thu Dec 25 16:31:47 +0800 2025,当时什么也听不进去啊,消极,0.10128303483494742
5247778752037607,黑夜动物,Fri Dec 26 15:21:23 +0800 2025,别洗了，西装鸡出现在这价位的餐厅还洗啥？还有那油，沙县大饭店都不敢用,消极,0.10152175005213836
5247778752037607,在农田泡脚的桃子,Thu Dec 25 16:39:06 +0800 2025,不便宜啊,积极,0.8575809338538534
5247778752037607,新雪初霁吖,Thu Dec 25 16:47:53 +0800 2025,就这还被冤枉啊,消极,0.10201085357445089
5247778752037607,胡小怪7878,Thu Dec 25 16:37:06 +0800 2025,太难了,积极,0.5398901792943007
5247779330853981,美美的夏日精灵,Thu Dec 25 19:23:34 +0800 2025,算过去了吗,积极,0.7904772320618576
5247780323067484,貳等學生,Fri Dec 26 08:56:40 +0800 2025,在我们的认知里，西贝是一家好的企业。,积极,0.8765933176038999
5247780323067484,仰望星空之奥秘,Thu Dec 25 17:51:24 +0800 2025,麦当劳，肯德基算不算&quot;预制&quot;,消极,0.42817042733385546
5247780323067484,by莉莉安,Fri Dec 26 06:46:48 +0800 2025,贾国龙至始至终都没有认错，即便到现在老贾也不承认他的西贝是预制菜！他不是认错，只是认怂！消费者不吃他的预制菜了，跑来卖惨认怂而已！ ​​​,消极,0.10976255174644226
5247780323067484,月神的L,Sat Dec 27 01:20:57 +0800 2025,还是没意识到问题的根本,消极,0.2421415433154941
5247780323067484,bobo-的博客,Thu Dec 25 21:12:07 +0800 2025,赶紧吧！,积极,0.8115706414010703
5247780323067484,周老师帮就业,Thu Dec 25 17:25:44 +0800 2025,真香定律放谁身上都可以的,积极,0.6329341407069023
5247780323067484,6块腹肌差5块,Thu Dec 25 23:45:32 +0800 2025,西贝可以说国产连锁餐饮top3的存在。其他的几乎没几个比西贝好的。,积极,0.8893222504089067
5247780323067484,财商研习社,Thu Dec 25 19:57:00 +0800 2025,罗太君差点害死西贝,消极,0.13839966696168177
5247777548275988,微博时事,Thu Dec 25 16:43:38 +0800 2025,： 很多人骂西贝，其实不是因为“预制菜”。,消极,0.14368808141356232
5247777764278302,喵喵喵来了吗,Thu Dec 25 16:45:10 +0800 2025,就是市场不买账了才后悔,消极,0.17148622605517114
5247777764278302,米之盲盒,Thu Dec 25 23:09:57 +0800 2025,贾国龙能知错就改有格局,积极,0.778554652708479
5247777764278302,橙真贝贝,Thu Dec 25 17:47:17 +0800 2025,还是老老实实的把,消极,0.20582190414746132
5247777764278302,财临旭,Thu Dec 25 16:47:09 +0800 2025,升级食安标准,积极,0.893526638282492
5247777764278302,二彩吃瓜,Thu Dec 25 16:45:03 +0800 2025,贾总成长了,积极,0.7220367615172136
5247777764278302,桃树下有个李子,Thu Dec 25 16:41:23 +0800 2025,现在开始后悔了吧,消极,0.2383620180389583
5247777764278302,奇妙的松果,Thu Dec 25 17:24:51 +0800 2025,好的持续关注等待,积极,0.5435960915798006
5247777764278302,浤运当头,Thu Dec 25 16:45:12 +0800 2025,专注于把菜做好才是王道,积极,0.8370425489336526
5247777764278302,奶香奶味啵,Thu Dec 25 16:47:49 +0800 2025,知错能改还是好宝宝,积极,0.8339729630413132
5247776543998946,蓝色的烟卷,Thu Dec 25 17:24:50 +0800 2025,不去行不,积极,0.6195623990204808
5247776732484092,真有五把刀,Thu Dec 25 17:09:15 +0800 2025,开放厨房居然也错了，哈哈，是要掩盖什么吗,积极,0.5533110933572316
5247776732484092,囧水,Thu Dec 25 17:40:41 +0800 2025,他只是恨自己打嘴仗输了,消极,0.23206411988355435
5247776732484092,雀黯,Thu Dec 25 16:31:09 +0800 2025,有点意思，罗刚骂战失败贾老板马上来这一出，感觉套路有点深啊,消极,0.19411424020480078
5247776732484092,湟川散人,Thu Dec 25 18:06:35 +0800 2025,我也坚决，是坚决不吃西贝！,消极,0.22711451151558248
5247776732484092,用户6599490945,Thu Dec 25 16:23:29 +0800 2025,他不是觉得错了，他是怕死了,消极,0.3728682890603743
5247776732484092,用户7794400621,Sat Dec 27 18:05:25 +0800 2025,不是硬刚问题，是预制菜卖新鲜菜价格，又怕被揭……,消极,0.11504018030366576
5247776732484092,冬枣,Fri Dec 26 18:04:56 +0800 2025,以前从来没吃过西贝。自从有了西贝事件后，专门去吃了好几次，感觉还不错。,积极,0.8931048726227147
5247776732484092,郑武侯,Fri Dec 26 15:41:26 +0800 2025,杨志和牛二硬杠，不划算哪。,消极,0.10702265282587382
5247776732484092,李巍的博,Fri Dec 26 15:19:54 +0800 2025,关键是是非也不对呀,消极,0.12265756787048163
5247776732484092,韩总来了苦变甜,Fri Dec 26 13:06:13 +0800 2025,主要是以前的人生太顺了，以外世界是围着他转的,积极,0.8467114293489431
5247776732484092,Petrochinese,Fri Dec 26 08:15:43 +0800 2025,他这三点的行动，完全是基于他对自己公司的理解云初的，是1⃣️老板✔️公司有信心且必须要有的态度，否则无法完成公司得运营。但问题的核心是他对公司的理解都是徐大众的理解相背离的，比如预制菜得定义，厨房的问题，菜品的价格。,积极,0.75859511764925
5247776732484092,沈北大白兔,Fri Dec 26 07:23:56 +0800 2025,贵点放心，还会再去,积极,0.8401053089897033
5247776732484092,西红柿鱼面,Thu Dec 25 19:29:21 +0800 2025,公关费都白花了,消极,0.11917423495320376
5247776732484092,脑袋有一个呆毛,Thu Dec 25 19:03:09 +0800 2025,本来就是屁大点事儿，他自己把矛盾升级了。,消极,0.14588021399198164
5247776732484092,丁总在洗碗,Thu Dec 25 16:36:15 +0800 2025,科总收钱了,消极,0.39659171425408246
5247776732484092,史奎尔vip,Thu Dec 25 16:31:46 +0800 2025,这是趁着项打罗的机会出来翻盘？,消极,0.13801824193175025
5247776732484092,知守观天,Thu Dec 25 16:26:14 +0800 2025,不用废话了，5成完了,积极,0.8966425811570389
5247776732484092,请叫我亲爱的佛拉基米尔同志,Thu Dec 25 20:18:14 +0800 2025,我觉得老贾是个体面人,积极,0.8492740414991232
5247776732484092,那可还行呢,Thu Dec 25 16:28:33 +0800 2025,为什么一大堆媒体和自媒体都在发这个？,消极,0.41384284234884205
5247776732484092,rick_back-on-line,Fri Dec 26 06:38:17 +0800 2025,所以他敢不敢跟老罗道个歉，因为骂人家网络黑嘴,消极,0.21642075214954803
5247776732484092,happyfly7589,Thu Dec 25 17:25:29 +0800 2025,做实业不容易，还要提防暗箭伤人。哪里比得上网络黑嘴煽动社会低智底层情绪来钱快！,消极,0.29134048329344464
5247776732484092,不是很贪,Thu Dec 25 16:29:53 +0800 2025,企业依法纳税，合法合规经营，其他就没啥好说的，像罗永浩类似靠流量坏种，支持起诉，如果哪天平台把这些坏逼都禁了，网络会更清静,积极,0.8767913286255862
5247776116185673,鼎势经纬,Sat Dec 27 10:41:24 +0800 2025,西贝那件事真正的问题，是消费者知情权被损害以及菜品定价属于加高质底。,消极,0.2897954249752116
5247776116185673,皮蛋solo粥粥啊,Sun Jan 25 15:39:50 +0800 2026,了解,积极,0.8746425536280213
5247776116185673,继续努力永向前,Tue Dec 30 08:30:05 +0800 2025,你不做，有的是人做！什么玩意！,消极,0.10482942213978076
5247776116185673,汤海龙北京,Sat Dec 27 19:35:34 +0800 2025,预制菜利润高啊,积极,0.5674202902496546
5247776116185673,酿夏行者,Fri Dec 26 07:49:30 +0800 2025,不是说开放厨房是个错误嘛！笑死我了！,积极,0.7369780581423697
5247776116185673,就次搁浅,Sun Dec 28 10:31:58 +0800 2025,嘴硬要有资本，不光是资金和本钱嘛…,消极,0.2655756594570233
5247776116185673,用户7840891262,Sat Dec 27 08:28:03 +0800 2025,贾老板是降价了，食材用料也缩水了，你以为他良心？？？没有人说他不卫生，是他自己展示的后厨，接受的就去多吃。不接受的不能鼓捣让别人接受，砖家说2年速冻西兰花比新鲜的更营养，奥利给,消极,0.13405071730219045
5247776116185673,投机客_68238,Thu Dec 25 16:21:19 +0800 2025,后悔不可怕，重要的是总结经验！,消极,0.47004698007510726
5247776116185673,宁静以致远远远18,Thu Dec 25 16:21:14 +0800 2025,坚韧不拔，勇敢面对，未来仍可期。,积极,0.8449383164588653
5247776116185673,玄通古针周新建先生入室弟子,Thu Dec 25 16:21:15 +0800 2025,面对挫折，勇于反思，值得肯定！,积极,0.89304639075456
5247776116185673,月凉入秋水,Thu Dec 25 16:21:15 +0800 2025,直面挑战，无畏失败，勇敢前行。,积极,0.8399821833039027
5247776116185673,非诚勿喵,Fri Dec 26 21:32:37 +0800 2025,你可以不原谅，更可以不去，这都是你选择的权利，丹没完没了的那别人博流量，挺恶心的,消极,0.2251376238090106
5247775182685901,叶建勛,Thu Dec 25 16:26:03 +0800 2025,曾在抖音帮西贝说话的“小天才”，如今态度反转，直言支持品牌但从顾客角度看，北京多家门店问题不少，真心有待加强。更具戏剧性的是，传闻这位敢说真话的“小天才”已经入职西贝，不知能否带来不一样的视角。,积极,0.7329595204443194
5247775182685901,叶建勛,Thu Dec 25 16:28:14 +0800 2025,当初喊着“生意不做也要干到底”的硬刚，如今看来确实是“死鸭子嘴硬”。没底气的强硬终难服众，贾国龙的低头整改、“小天才”的入职发声，或许都印证了，餐饮行业再大的品牌，也得靠尊重顾客声音站稳脚跟。,消极,0.23348949380487655
5247775182685901,叶建勛,Thu Dec 25 16:25:37 +0800 2025,西贝预制菜风波过去一百天，贾国龙早已没了当初硬刚的架势，公开致歉认错，坦言不该用国家标准对抗公众认知。这百天里，西贝推动菜品门店现制、三十余道菜品降价近两成，还落实阳光厨房，扛过八十多次监管检查无违规，用行动补硬刚的错。,积极,0.8891400771712142
5247775182685901,宋文公,Thu Dec 25 16:19:12 +0800 2025,每个人身上都有太阳，主要是让它如何发光。,积极,0.8057810611012229
5247775182685901,嗨兰州,Thu Dec 25 16:19:08 +0800 2025,贾国龙反思，西贝应倾听消费者声音，避免危机重演。,积极,0.5230649249547356
5247771430882192,自在李文,Tue Jan 06 23:28:02 +0800 2026,真不是找骂！是把整改落地，菜单透明+后厨直播，就想让大家看到改变,消极,0.4197071039890652
5247771361679790,自在李文,Tue Jan 06 23:28:59 +0800 2026,不是瞎整活！是实打实推现做菜品，明档能看,积极,0.8978863322170696
5247771336509769,小学生曼森同学,Thu Dec 25 20:57:13 +0800 2025,我就好奇他以什么来起诉老罗,消极,0.4023946664415966
5247771879933484,鸣记职场,Thu Dec 25 16:16:07 +0800 2025,人格的完善是生命的本钱，好人生赢在好品格,积极,0.8765256296862418
5247771879933484,此间的山羊,Thu Dec 25 23:19:34 +0800 2025,蛮好的,积极,0.8960095335560055
5247771879933484,用户8jm34a75q1,Fri Dec 26 13:14:51 +0800 2025,如有又重来 我永远不会吃西贝的,消极,0.13743571009011918
5247771649248378,TIAN雪2011,Thu Dec 25 16:09:12 +0800 2025,贾国龙反思失误，调整策略，期待西贝逆境重生。,积极,0.8563119907991791
5247771649248378,小懒超级棒,Thu Dec 25 16:09:07 +0800 2025,大家多多支持,积极,0.8671143786523317
5247771649248378,一条梦想的咸鱼,Thu Dec 25 16:09:30 +0800 2025,优秀的的办优秀的事看好你未来可期,积极,0.8835947799041861
5247771649248378,幸福快乐小橘子,Thu Dec 25 16:09:23 +0800 2025,太有才了 真的是太优秀了,积极,0.8407921458538112
5247771649248378,泡泡鱼的味道,Thu Dec 25 16:09:23 +0800 2025,这么有才 真的狠优秀,积极,0.8298199173416038
5247771649248378,激动小趴菜,Thu Dec 25 16:09:21 +0800 2025,太优秀了 你是最优秀的,积极,0.8237611272419627
5247771649248378,助力搭子袁十九,Thu Dec 25 16:10:17 +0800 2025,更难能可贵的是他敢于承认错误，并向消费者传达了决心与诚意。,积极,0.8300720299751561
5247771649248378,曾经的曾经在拾忆,Thu Dec 25 16:10:16 +0800 2025,贾国龙的不懈剖析与策略调整，虽皆是应对挑战的尝试，但也映射出企业家们面对危机时需要更灵活的生存之道。,积极,0.8868952760168014
5247771649248378,好运来真伟大,Thu Dec 25 16:10:16 +0800 2025,这场风波，使我们看到了贾国龙更深层次的人性光辉和企业家的远见卓识。,积极,0.8574688967159091
5247771649248378,仲舍余,Thu Dec 25 16:10:15 +0800 2025,贾国龙的转变，不仅关乎西贝的存亡，更是为中国餐饮界树立了一个主动面对问题，勇于调整策略的标杆。,积极,0.8617066895564705
5247771649248378,巴巴雷89版_815,Thu Dec 25 16:09:11 +0800 2025,西贝风波后，贾国龙反思转变，调整策略应对挑战。,积极,0.7609675406003703
5247771649248378,石榴佳的艾,Thu Dec 25 16:09:11 +0800 2025,贾国龙正面回应风波，转型升级态度坚定，令人敬佩。,积极,0.8952146400730072
5247772345238343,圣都枪神丶耶律靖,Sat Dec 27 05:05:58 +0800 2025,汽车撞墙想起来拐了，股票涨停想起来买了，大青鼻涕流嘴里想起来甩了,消极,0.1172226863839463
5247772345238343,南诏布衣-,Fri Dec 26 11:29:52 +0800 2025,西贝算毛，看看雷军,消极,0.11978165587240044
5247772345238343,老约翰中药馆_,Thu Dec 25 16:18:07 +0800 2025,傲慢的代价,消极,0.2012419863802083
5247770564755667,优美白菜爱探索,Thu Dec 25 16:20:23 +0800 2025,这就说明了，谁强听谁的，贾国龙到现在才真的明白了什么才是真的强！,消极,0.1969766088928736
5247770564755667,二步星苍,Fri Dec 26 08:49:24 +0800 2025,西贝预制菜风波100天后贾国龙现状 这是不是老话说的“退一步海阔天空”,积极,0.6744873785373358
5247769780423493,万喜不洗碗洗床单,Thu Dec 25 15:55:47 +0800 2025,于是，孤独不再美好，失去了他人，我们惶惑不安。——三毛,积极,0.8519761072629564
5247769780423493,万喜不洗碗洗床单,Thu Dec 25 15:55:45 +0800 2025,"勿起不善之念,勿阅不善之书,勿听不善之乐,勿吐不善之语,勿为不善之事,勿近不善之人,勿学不善之法,勿入不善之境。",消极,0.4901518636473945
5247769780423493,万喜不洗碗洗床单,Thu Dec 25 15:55:42 +0800 2025,善良是一种修养，善待他人就是善待自己，要想得到别人的爱，首先要学会爱别人，一个善良的人一定是温暖的人，乐于助人的人，懂得珍惜和感恩的人。,积极,0.8460866436667658
5247769642010354,自在李文,Wed Jan 07 00:49:48 +0800 2026,现在总算清醒了，不跟消费者硬刚，只靠现切现烤的羊肉串、明码标价的降价，慢慢找补信任,消极,0.11513824938112553
5247769642010354,自在李文,Tue Jan 06 23:31:55 +0800 2026,认同！之前是没懂骄傲的边界，现在用整改和行动，慢慢找补回来,积极,0.8773128682474436
5247769476335483,幸运的甲是独,Thu Dec 25 20:53:41 +0800 2025,和气生财啊,积极,0.8873846602166197
5247769476335483,啦啦啦偶买噶的1982,Thu Dec 25 18:24:09 +0800 2025,和气生财,积极,0.8178588458030873
5247769476335483,冰棍说,Thu Dec 25 18:17:54 +0800 2025,能承认也不错了,积极,0.6367174698640611
5247769476335483,康康-七色花,Thu Dec 25 17:59:24 +0800 2025,他还是很有担当的一个老板的，换做别人早被锤垮了！,积极,0.7964584224184478
5247769476335483,时光机同学666,Thu Dec 25 16:49:21 +0800 2025,可惜不能重来,积极,0.8254408895577654
5247768676796546,只魏你停留,Thu Dec 25 17:53:16 +0800 2025,不错哦,积极,0.6160809595421171
5247768676796546,罗森海,Tue Dec 30 08:42:05 +0800 2025,就是不跟罗永浩道歉,消极,0.12325115219629898
5247768279123647,Ad海海之梦,Thu Dec 25 15:49:33 +0800 2025,贾国龙的危机处理提醒我们，在数字化时代，企业需要更加谨慎地应对公众情绪和舆论。,积极,0.6502674519480507
5247768279123647,笑火了,Thu Dec 25 15:49:05 +0800 2025,来了来了,积极,0.8269131491317353
5247768279123647,星野追光,Thu Dec 25 15:58:25 +0800 2025,感恩相遇,积极,0.879837188864397
5247749347871995,小夏念夏,Thu Dec 25 14:40:03 +0800 2025,门店那么多怎么可能倒闭,消极,0.12946567535392256
5247749347871995,谁偷了我的Amani,Thu Dec 25 14:35:26 +0800 2025,我更爱他那以前那句【要把儿童餐做绝】贾老板，别低头、皇冠会掉,积极,0.6867890862351601
5247749347871995,大海之颜,Thu Dec 25 14:34:37 +0800 2025,希望能够真诚做好品质,消极,0.4017890644665272
5247749347871995,小南偱勾勾,Thu Dec 25 14:45:25 +0800 2025,现在才来发声？,消极,0.22217913037110293
5247749347871995,翅若雪,Thu Dec 25 15:27:46 +0800 2025,西贝的生意是受到影响了吗,消极,0.14464576247592817
5247749347871995,翅若雪,Thu Dec 25 15:25:48 +0800 2025,有认错的态度还要看他怎么做,消极,0.4913247607272062
5247749347871995,星空陨落之夜月长叹,Thu Dec 25 15:15:11 +0800 2025,他不是知道错了，是盘点后知道亏钱了,消极,0.14315681715951376
5247749347871995,星空陨落之夜月长叹,Thu Dec 25 15:15:55 +0800 2025,他真的是非常典型的有钱人，傲慢无礼，目中无人。,消极,0.10160976799824449
5247749347871995,我是幸运的皮卡丘,Thu Dec 25 19:22:34 +0800 2025,不会是罗永浩不敢出声了，他又蹦跶吧,消极,0.49367550695819773
5247749347871995,小福云朵u,Fri Dec 26 08:22:41 +0800 2025,我也是,消极,0.12649996922339796
5247749347871995,mmq0626,Thu Dec 25 20:03:10 +0800 2025,还是要做到真诚,消极,0.11346541274079712
5247749347871995,爱这一头骄傲的老狗,Thu Dec 25 16:05:41 +0800 2025,知道没了顾客的簇拥和消费，他屁都不是,消极,0.11185651029285122
5247749347871995,碧瑶妍,Thu Dec 25 15:16:28 +0800 2025,看看就好,积极,0.8904191966232361
5247749347871995,袁莱是,Thu Dec 25 15:02:53 +0800 2025,就是,消极,0.10798579715893039
5247749347871995,向阳笑哈哈,Thu Dec 25 14:39:20 +0800 2025,无所谓，反正我不会去吃这家,消极,0.1235232853316364
5247749347871995,小夏念夏,Thu Dec 25 14:39:17 +0800 2025,你去吃过吗,积极,0.8593294384514621
5247749347871995,Kobe24紫金的神,Thu Dec 25 20:39:14 +0800 2025,现在知道错了吗？,积极,0.5147749399432087
5247749347871995,大猪蹄子嘟嘟嘟,Thu Dec 25 14:57:29 +0800 2025,希望说到做到,积极,0.6598723782677581
5247749347871995,一个大头斌啦啦,Thu Dec 25 14:36:35 +0800 2025,居然这么久了，发生过就好像没发生过一样,消极,0.1015374890352037
5247749347871995,世事无常hh,Sun Dec 28 00:02:02 +0800 2025,反正他家的茶我吃不起，无所谓了,消极,0.3116465433163391
5247749347871995,上善若水任方圆_669,Fri Dec 26 16:07:58 +0800 2025,向自己认错说明自己是对的,积极,0.7571428259120495
5247749347871995,古枫残影,Thu Dec 25 17:50:20 +0800 2025,他不真的认错，只是少赚太多钱没有办法了！,消极,0.1285146430727548
5247749347871995,满溪yl亚述,Thu Dec 25 15:06:36 +0800 2025,为啥还有人去吃,消极,0.18720863664293214
5247749347871995,練天如,Sat Dec 27 11:23:26 +0800 2025,西贝有啥错？合法合规，国家都承认他不是预制菜~未来连锁餐饮就是这种中央厨房的方式，西贝唯一输给了愚昧的群众而已,积极,0.8856290289999862
5247749347871995,束牛子,Fri Dec 26 16:46:19 +0800 2025,后妈严选,积极,0.7422825841682453
5247749347871995,心远之城21103,Fri Dec 26 11:42:08 +0800 2025,相由心生,积极,0.8689487528112323
5247749347871995,莺飞草长正在路上,Thu Dec 25 15:58:16 +0800 2025,我还是更喜欢他那副桀骜不驯、死不认错的样子,消极,0.16487860263046766
5247749347871995,森林的路2025,Thu Dec 25 15:53:25 +0800 2025,看神态，还那样,消极,0.15834266990761703
5247749347871995,Becall-Z,Thu Dec 25 15:41:30 +0800 2025,回复 我这里本来4家的 现在只剩下一家了,消极,0.44853727209391536
5247749347871995,淡若清风一个梦,Thu Dec 25 15:33:50 +0800 2025,也没认错啊，依然没直面预制菜的问题好像,消极,0.12045390664858069
5247749347871995,是谁念西风独自凉,Thu Dec 25 15:19:43 +0800 2025,领子倒是放下了了,消极,0.27071332126400294
5247749347871995,路遥知马力rx,Thu Dec 25 15:13:30 +0800 2025,这个人的表情神态 一副高高在上的样子,积极,0.5081206061315355
5247749347871995,双手完成梦想,Thu Dec 25 15:11:45 +0800 2025,难吃且贵，预制菜并不是原罪,消极,0.11404237918117018
5247749347871995,文韬喵,Thu Dec 25 15:11:33 +0800 2025,昨天也去吃了西贝，喜欢吃莜面,积极,0.8943932320477984
5247749347871995,和牛河豚,Thu Dec 25 15:04:26 +0800 2025,你错在哪儿了？ 你到现在还没搞懂。 根本不是态度的问题,消极,0.11945815292702297
5247749347871995,野童话一玩,Thu Dec 25 14:55:36 +0800 2025,给你委屈的,消极,0.10355472478290735
5247749347871995,来自鲁的云,Thu Dec 25 16:34:12 +0800 2025,这是真心悔过了还是宣传呢？,消极,0.10820145391925987
5247749347871995,haoqideren-007,Thu Dec 25 17:09:44 +0800 2025,这是跪了，还是想看他硬刚的样子，带派,消极,0.12549146054684285
5247749347871995,云泥之尘,Thu Dec 25 15:03:56 +0800 2025,关我屁事！,消极,0.13229916537233405
5247749347871995,意外ok,Thu Dec 25 16:18:12 +0800 2025,别尼玛的搁那弄语录了,消极,0.1591915320102607
5247749347871995,姬发小迷妹,Sat Dec 27 10:34:18 +0800 2025,凶神恶煞的一张脸打开视频的想法都没有，好好做餐饮，良心做饭，良心价格，还没明白吗，消费者只是想吃顿好饭，不认老板是谁,消极,0.10191346366687407
5247768100867354,娱乐小福星,Thu Dec 25 18:56:02 +0800 2025,做餐饮一定要有良心,消极,0.11960229118980117
5247768100867354,隐匿在人间扮小丑,Thu Dec 25 16:04:39 +0800 2025,这个预制菜吧，那肯定顺应市场的需求的，因为成本低。味道还可以。时效快。,积极,0.7469093570633163
5247768100867354,猪大姐成长日记,Thu Dec 25 16:38:17 +0800 2025,还是太年轻了沉不住气,消极,0.13174562777993676
5247768100867354,我是专心吃饭,Thu Dec 25 16:05:25 +0800 2025,预制菜可以，但是不能太贵。,消极,0.44262607455188385
5247768100867354,禾在在,Thu Dec 25 16:04:11 +0800 2025,未来将区分冷冻原料与冷冻菜概念,积极,0.6215261096239857
5247768100867354,Ning大麦,Thu Dec 25 16:00:58 +0800 2025,餐饮是良心活,积极,0.8704971928643346
5247768100867354,吧唧好呆萌,Thu Dec 25 16:09:03 +0800 2025,餐饮注意卫生,积极,0.6466852400846733
5247768100867354,卿卿子君-,Thu Dec 25 15:56:59 +0800 2025,诚信经营才能走得更长远。,积极,0.7228650094867618
5247751718965074,希望可以去看看那海,Thu Dec 25 15:26:56 +0800 2025,向顾客、员工、自己三重认错，这反思维度很完整,积极,0.8928391093007235
5247751718965074,浅斟低唱换浮名云,Thu Dec 25 14:53:48 +0800 2025,西贝的底子其实不错，食品安全、供应链这些硬功夫在。之前主要问题是太贵了,积极,0.8935926793465228
5247751718965074,zi宜-,Thu Dec 25 14:44:29 +0800 2025,希望西贝能有更好的发展,消极,0.45395112009762717
5247751718965074,云边有间贩卖温柔的店,Thu Dec 25 14:52:42 +0800 2025,说到底，顾客用脚投票。下次去西贝，如果能看到实实在在的變化，很多人还是会愿意再给一次机会的,积极,0.8534221132715288
5247751718965074,贩卖日落与人间温柔,Thu Dec 25 14:57:24 +0800 2025,让一个57岁的老板去理解“老登”这种网络梗，确实有点难为他了,消极,0.1173834468945492
5247751718965074,把星星藏进温柔的眼底,Thu Dec 25 14:54:19 +0800 2025,我觉得“欢乐使者”这个岗位挺妙的。现在大家吃饭，早就不只为填饱肚子，那种被欢迎、被照顾的感觉，有时候比菜的味道还重要,积极,0.8208994990097409
5247751718965074,吾夫毛利兰,Thu Dec 25 15:32:26 +0800 2025,挺有道理的,消极,0.2679996802372754
5247751718965074,杏枟,Thu Dec 25 15:10:45 +0800 2025,第一次了解到这些,消极,0.4622115882962582
5247751718965074,祈雪霜,Thu Dec 25 14:55:00 +0800 2025,希望能改进吧,积极,0.7862337473492971
5247751718965074,貌美且自由,Thu Dec 25 14:44:13 +0800 2025,就是说,消极,0.11249031172167888
5247751718965074,嘻嘻喜姐,Thu Dec 25 20:08:30 +0800 2025,贾国龙真的很不容易,积极,0.7919269016340422
5247751718965074,扶摇直上2026-,Thu Dec 25 18:28:37 +0800 2025,希望西贝认真调改,消极,0.3357686842831299
5247751718965074,宁知谦,Thu Dec 25 15:49:24 +0800 2025,这也太累了吧,消极,0.1861532894701723
5247751718965074,荣镜头,Thu Dec 25 15:41:37 +0800 2025,健康第一啊！,积极,0.8438813202228204
5247751718965074,耕耘熊,Thu Dec 25 15:22:34 +0800 2025,深刻的反思，承认自己的责任,积极,0.8588195400491259
5247751718965074,吃火锅心情就会好,Thu Dec 25 15:21:20 +0800 2025,如果一家企业这么容易倒下也不好吧,消极,0.12464474021902827
5247751718965074,努力加油2065,Thu Dec 25 15:13:27 +0800 2025,是这么回事啊哈,积极,0.8621084498820096
5247751718965074,人间烟火里藏着小美好,Thu Dec 25 15:06:16 +0800 2025,老贾说自己以前骄傲，这话挺实在的。企业做大了，容易被成绩蒙住眼，能听进骂声不容易,消极,0.2744154454454757
5247751718965074,骑马追星星之火,Thu Dec 25 15:06:16 +0800 2025,现在很多餐厅拼命砍成本，西贝却主动增加人力投入，这思路挺特别,积极,0.8882088850580772
5247751718965074,何必要在意当初呢,Thu Dec 25 14:53:48 +0800 2025,老派企业家有老派的好，他们信“做出来的才是真的”。这套在流量时代有点吃亏，但长远看，扎实做事的人总会有回报,积极,0.8241695618225577
5247751718965074,秋水日潺湲气,Thu Dec 25 14:52:44 +0800 2025,餐饮这行，热闹的新牌子很多，但能坚持调改、不怕折腾的老牌子不多,消极,0.4855993854232906
5247751718965074,小羊今天吃饱了没,Thu Dec 25 14:50:07 +0800 2025,真诚的反思 然后大力整改,积极,0.6301626038373911
5247751718965074,小小青鸟001,Thu Dec 25 14:48:52 +0800 2025,希望西贝能有更好地的发展。,积极,0.7688770003682294
5247751718965074,長日夢中歌,Thu Dec 25 14:47:39 +0800 2025,说得很对呀,消极,0.4932680351823414
5247751718965074,今天我心情有亿点怪怪,Thu Dec 25 15:00:46 +0800 2025,希望能改正，好好发展,消极,0.39763371307217027
5247751718965074,朝晖卿茫,Thu Dec 25 14:58:06 +0800 2025,希望可以越来越好啊,积极,0.6742787853176679
5247751718965074,恋儇脑,Thu Dec 25 14:53:53 +0800 2025,有点心疼了,积极,0.6257636372686761
5247751718965074,璇岛聆叶,Thu Dec 25 14:53:47 +0800 2025,越来越好啊,积极,0.8862981221624551
5247751718965074,IAM-皓月Su,Thu Dec 25 14:47:28 +0800 2025,觉得非常有道理,积极,0.7283164879753059
5247751718965074,茜拉的布娃娃,Thu Dec 25 14:44:21 +0800 2025,就是这样的,消极,0.11806595665141763
5247751718965074,街巷人生,Fri Dec 26 09:24:41 +0800 2025,认识到就好，真诚对待你的顾客,积极,0.7675996682352434
5247751718965074,离懮乡民,Fri Dec 26 08:34:22 +0800 2025,是个实诚人,积极,0.70218656181288
5247751718965074,宇宙s真理,Fri Dec 26 07:44:08 +0800 2025,被打了个嘴巴子，不是考虑为什么被打，而是你也敢打我,消极,0.10551331135082946
5247751718965074,一个小可爱__-,Fri Dec 26 05:10:42 +0800 2025,原来是这样啊,消极,0.34487619208013526
5247751718965074,小黄有点懒-,Thu Dec 25 20:00:59 +0800 2025,很有道理,积极,0.8290321777924419
5247751718965074,菜菜515637,Thu Dec 25 17:29:57 +0800 2025,确实超级累啊,积极,0.8344489478163979
5247751718965074,最爱喝豆粥,Thu Dec 25 17:10:59 +0800 2025,希望西贝能越来越好,消极,0.4418342934504722
5247751718965074,罒蓦然回首灬,Thu Dec 25 16:59:15 +0800 2025,心疼？,积极,0.8354229177379239
5247751718965074,seamanele,Thu Dec 25 16:40:25 +0800 2025,他是活了一辈子的精明人，不要洗成一副年幼不懂事乖宝宝的样子。就问现在他改后员工交五险一金的比例有多少？,积极,0.7527908963585134
5247751718965074,sxfzx1968,Thu Dec 25 16:34:31 +0800 2025,一根韭菜可怜噶韭菜的。,消极,0.13721386741827954
5247751718965074,把烦恼打包邮走不送,Thu Dec 25 16:10:22 +0800 2025,贾国龙勇于担责，内外兼修，赢得顾客与员工尊重。,积极,0.8891693297530878
5247751718965074,忧郁的小念,Thu Dec 25 16:07:35 +0800 2025,深刻的反思,积极,0.8072704386158449
5247751718965074,我是你的三傻子,Thu Dec 25 15:48:07 +0800 2025,西贝这一步，其实是对“人”的重新投资，服务行业归根结底还是人在做事,积极,0.8196358254710958
5247751718965074,被封印的小魔怪,Thu Dec 25 15:46:31 +0800 2025,企业家也是普通人，压力大了照样睡不着,消极,0.36399306051800906
5247751718965074,骑猪追火箭上飞机,Thu Dec 25 15:46:31 +0800 2025,说到底，餐饮是门关于信任的生意,积极,0.6810551071562372
5247751718965074,骑着蜗牛追火车飞,Thu Dec 25 15:44:39 +0800 2025,保持品质的降价才是真良心，蹲一波后续实际体验,积极,0.7468887904502935
5247751718965074,我是你的二傻子呀,Thu Dec 25 15:44:38 +0800 2025,餐饮是持久战，战略调整比营销炒作重要得多,积极,0.8465547671182577
5247751718965074,为菊而乐,Thu Dec 25 15:42:40 +0800 2025,看完有点泪目，老派企业家的笨拙真诚比网红老板珍贵多了,消极,0.21683544032152285
5247751718965074,咸鱼的梦想跑哪里去了,Thu Dec 25 15:42:39 +0800 2025,以前觉得西贝贵，现在看人家成本结构在那,积极,0.6785333424956207
5247751718965074,收起阳光般的虚伪,Thu Dec 25 15:38:01 +0800 2025,老登这词儿确实难听，但老贾没暴怒还反思自己，这格局不小,消极,0.41446527474873773
5247751718965074,慧子0108,Thu Dec 25 15:38:00 +0800 2025,真的好厉害,积极,0.7890259858788369
5247751718965074,樱桃的小丸犊子,Thu Dec 25 15:35:39 +0800 2025,希望这次调整能活下去，健康的餐饮市场需要多种模式,积极,0.672057077169464
5247751718965074,柠萌你个思密达酸酸,Thu Dec 25 15:35:39 +0800 2025,80多次检查零处罚，其实这点早该拿出来说的，太实诚了,消极,0.11115688580923176
5247751718965074,请把我埋在春天的果实里,Thu Dec 25 15:33:53 +0800 2025,从骄傲到低头，这一课对所有老板都有启示,积极,0.6864939047535046
5247751718965074,菲就是辣么酷,Thu Dec 25 15:33:51 +0800 2025,员工幸福感高了，顾客体验才能好，简单的道理很多人不懂,积极,0.8903903269904845
5247751718965074,草莓小屋_,Thu Dec 25 15:33:07 +0800 2025,这也太惨了,消极,0.4957493382659486
5247751718965074,不会盛开的面包树,Thu Dec 25 15:29:53 +0800 2025,主动认错比甩锅给大环境强一万倍,消极,0.1765860036123108
5247751718965074,月亮失了约我在等风,Thu Dec 25 15:29:51 +0800 2025,产品、服务、食品安全，这三样抓好了不会差,积极,0.7941194394700801
5247751718965074,飞天小女警卖大红薯,Thu Dec 25 15:29:51 +0800 2025,从专访里看到了一种“老式担当”，久违了,消极,0.22412847135539504
5247751718965074,远山雾野,Thu Dec 25 15:27:29 +0800 2025,看后续吧,消极,0.25650701792428376
5247751718965074,焦糖豆沙包的小蝴蝶,Thu Dec 25 15:26:56 +0800 2025,也许以后大家拼的不是谁更便宜，而是谁的服务更让人记得住,消极,0.33073561221769693
5247751718965074,今晚早点训咩,Thu Dec 25 15:24:39 +0800 2025,精彩呀,积极,0.8307415593275465
5247751718965074,小花仙冬季篇,Thu Dec 25 15:24:28 +0800 2025,有道理,积极,0.8457739323843271
5247751718965074,茉莉茶花茶8,Thu Dec 25 15:21:11 +0800 2025,感谢分享,积极,0.8754681818903123
5247751718965074,喵腻妞妞,Thu Dec 25 15:19:33 +0800 2025,知错能改才能更好的发展,积极,0.5625023245931544
5247751718965074,岑玥_,Thu Dec 25 15:19:23 +0800 2025,太难过了令人,积极,0.7760635755100452
5247751718965074,芯鲜事xx,Thu Dec 25 15:05:41 +0800 2025,真的太心疼了,积极,0.8881073230425983
5247751718965074,知七七_,Thu Dec 25 14:48:37 +0800 2025,知错能改善莫大焉,消极,0.45429639027075763
5247751718965074,yi朵西蓝花,Thu Dec 25 14:47:29 +0800 2025,真的是活生生的例子,消极,0.28527881005388733
5247751718965074,杉杉尔川,Thu Dec 25 14:44:05 +0800 2025,真的挺真诚的,积极,0.8947918590620503
5247751718965074,深圳湾畔的独角兽,Thu Dec 25 17:22:52 +0800 2025,他说你就信啊？他还发誓要告罗桑呢？告了吗？,消极,0.11264978500576013
5247751718965074,顺遂永安_,Thu Dec 25 16:59:26 +0800 2025,健康第一吖,积极,0.7326285571024556
5247751718965074,旺旺碎冰冰激凌的人,Thu Dec 25 15:47:59 +0800 2025,明厨房更像是种态度：你看，我没什么好藏的。这种底气，比任何广告词都来得实在,积极,0.8935165550257921
5247751718965074,共-同-度-过,Thu Dec 25 15:25:17 +0800 2025,这下吃教训了,消极,0.10978610745924565
5247751718965074,不喝酒的小猫咪,Thu Dec 25 15:38:02 +0800 2025,后厨透明这点值得夸，食品安全是底线,消极,0.3571569524112981
5247751718965074,我不是胖是可爱到膨胀了,Thu Dec 25 16:09:42 +0800 2025,贾国龙勇于认错，西贝的重生值得期待！,积极,0.8419111378490924
5247751718965074,没一点感觉藕,Thu Dec 25 15:21:41 +0800 2025,企业发展不容易 希望未来能有更好发展吧,积极,0.6798542937776915
5247751718965074,沐木子2025,Thu Dec 25 14:48:51 +0800 2025,真是有点,消极,0.10933088982611976
5247751718965074,今日苗条,Thu Dec 25 14:48:35 +0800 2025,不知道市场还给不给重新再起来的机会了。,消极,0.32518372622500635
5247751718965074,有点小开心的猫,Thu Dec 25 14:48:14 +0800 2025,希望好好改进啊,积极,0.6863643963248279
5247751718965074,煎果小挞,Thu Dec 25 14:45:42 +0800 2025,真的很真实,积极,0.8479061807207501
5247751718965074,让让我怎么着,Thu Dec 25 14:44:16 +0800 2025,这是什么情况啊,消极,0.12996075335458096
5247751718965074,晴空予曦,Thu Dec 25 15:19:00 +0800 2025,希望能有好的发展吧,消极,0.37367963794652537
5247751718965074,萌萌的我0-0,Thu Dec 25 14:49:46 +0800 2025,感谢科普,积极,0.7301115063423396
5247751718965074,作家出版人姚茂敦,Thu Dec 25 14:49:47 +0800 2025,都不容易啊,积极,0.8248939335039835
5247768037951106,凌典4444x,Thu Dec 25 16:30:30 +0800 2025,怎么又是西贝啊,消极,0.3590082846710061
5247768037951106,Ustinian闻·,Thu Dec 25 16:15:05 +0800 2025,还不是因为他自己的原因,消极,0.3143448332911447
5247768037951106,rvemiiiy,Thu Dec 25 15:59:17 +0800 2025,卖那么贵本来就不应该预制,消极,0.19645920204499684
5247768037951106,泥蛋挞了,Thu Dec 25 15:59:14 +0800 2025,又开始营销了,积极,0.8904209656265977
5247768037951106,虚晴-,Thu Dec 25 15:56:56 +0800 2025,他只是害怕了而已,消极,0.33297172297365873
5247768037951106,雨季不再来Raiiiin,Thu Dec 25 15:56:13 +0800 2025,自作自受，怪谁？,消极,0.10166092551607499
5247768037951106,moonsstarss,Thu Dec 25 15:55:27 +0800 2025,西贝的公关太灾难了,消极,0.10216179440613372
5247768037951106,Lwait啵,Thu Dec 25 15:50:30 +0800 2025,那还要做预制菜,消极,0.2275935464837744
5247768037951106,困困忱-,Thu Dec 25 15:49:57 +0800 2025,还不消停，老板又把自己抬上来了,积极,0.7911344832168226
5247768037951106,虾滑你吃不吃,Thu Dec 25 15:49:52 +0800 2025,不喜欢吃预制菜,消极,0.1686962211445256
5247768037951106,五年三班值日生-,Thu Dec 25 16:21:11 +0800 2025,他又来开始炒作,消极,0.11614054729244402
5247768037951106,云朵邮递员才来,Thu Dec 25 15:57:33 +0800 2025,西贝预制菜解决没有,消极,0.265257003128226
5247768037951106,阿喃1114-,Thu Dec 25 15:57:39 +0800 2025,现在都是现做了吧,消极,0.12101496932401694
5247768037951106,徐坤蔡蔡仔,Thu Dec 25 16:04:34 +0800 2025,输的很彻底啊西贝,消极,0.46895929948400905
5247768037951106,在你眼眸低垂前接住眉间那一场雪,Thu Dec 25 16:32:47 +0800 2025,西贝能不能别营销了,消极,0.122290211322934
5247768037951106,日落也会逃跑860,Thu Dec 25 16:18:48 +0800 2025,所以做出改正了吗,消极,0.453004266049831
5247768037951106,是九九_ya,Thu Dec 25 19:00:13 +0800 2025,他怎么又出来了,消极,0.2616473625948451
5247767333307452,甜品小公主yy,Thu Dec 25 16:04:23 +0800 2025,不知道为什么就是不喜欢他,消极,0.10756755219760737
5247767333307452,勤劳的懒喵花园,Thu Dec 25 15:55:12 +0800 2025,硬钢也没有好处,消极,0.12290689352754805
5247767333307452,夸夸小猫猫,Thu Dec 25 15:47:32 +0800 2025,夸夸喵来啦，看到认错的勇气，就像看到了夏日里的一抹清凉，难得可贵，真汉子！,积极,0.8988908934400115
5247766458794101,剪了右边耳朵的猫ruaruarua,Thu Dec 25 18:27:15 +0800 2025,老登,消极,0.3470298982080635
5247766458794101,麦克是只傻猫,Sat Dec 27 21:25:39 +0800 2025,这个认知有点晚了，西贝被伤的不轻,消极,0.3271172069057767
5247766458794101,Ying_space,Fri Dec 26 11:23:21 +0800 2025,94,消极,0.3990572227133157
5247766458794101,可可人物,Thu Dec 25 16:44:45 +0800 2025,何必,积极,0.760957670597827
5247766121152949,君-西门吹雪东门扫雪,Thu Dec 25 20:25:47 +0800 2025,暂时不会去吃,积极,0.5920579143225041
5247766121152949,qianwenxin,Thu Dec 25 21:04:18 +0800 2025,作为一个西北人，非常清楚西贝餐饮优秀的内在逻辑，外出吃饭首选西贝！,积极,0.8995788129716061
5247766121152949,用户6989421196,Fri Dec 26 08:28:17 +0800 2025,从来没有在西贝吃过饭。,消极,0.10219757401920107
5247764181027673,CHATATO_,Thu Dec 25 15:32:48 +0800 2025,善良之举，需要人人拥有，善良之歌，需要人人唱颂。让我们一起轻掬季风，淡挽流云，抚一弦清音。,积极,0.6103067511136487
5247764181027673,CHATATO_,Thu Dec 25 15:32:45 +0800 2025,阳光来自太阳，更来自我们的心灵。心里阳光，生活便是七彩的；心里阳光，便能照亮有缘有情的人，心里阳光，便会热情温暖。愿你阳光，天天向上哦！,积极,0.870417407753942
5247764181027673,CHATATO_,Thu Dec 25 15:32:41 +0800 2025,爱出者爱返，福往者福来。世界是一个圆，你送出去的爱，从来都不会白费，它们会以另一种方式回到你身上,积极,0.8950381486808056
5247764181027673,CHATATO_,Thu Dec 25 15:32:38 +0800 2025,每一份自信和优雅的背后，都有一份对梦想的追求和坚持，有时候，成功和失败之间只在一念之差，所以，无论多难，都别轻言放弃，坚持，是一种令人钦佩的能力，更是一种会发光的魅力。,积极,0.8952605292973317
5247764181027673,CHATATO_,Thu Dec 25 15:32:34 +0800 2025,愿你梦的远方，温暖可向。愿你所到之处，遍地阳光。愿你被这世界，温柔以待。但愿日子清净，抬头遇见满眼温柔，前路浩浩荡荡，万物尽可期待！加油！,积极,0.8825150660437459
5247765019362501,恋爱party不了情,Thu Dec 25 21:17:02 +0800 2025,西贝预制菜风波100天后贾国龙现状 100天前西贝预制菜被推上风口浪尖，如今贾国龙咋样啦？他没被风波“打趴”，反而带着西贝继续在餐饮江湖闯荡。依旧频繁现身各种活动，为品牌站台打call，还不断琢磨新菜品。看来这风波没把他“吹跑”，倒让他更有劲儿往前冲，且看他后续还有啥新动作！,积极,0.8995480718971521
5247763774442637,红色动漫节组委会霍小兵,Thu Dec 25 19:14:07 +0800 2025,贾国龙首次回应西贝预制菜风波 贾国龙回应西贝冷冻西兰花争议,积极,0.7533173488367538
5247763774442637,一品白牙,Thu Dec 25 20:50:44 +0800 2025,西贝现在怎么样了？,消极,0.2706980225126854
5247763965280815,只魏你停留,Thu Dec 25 20:14:48 +0800 2025,我来了,积极,0.8410788784651941
5247763965280815,娱墨子枫,Thu Dec 25 16:30:09 +0800 2025,过来看看优秀作品。,积极,0.8561423680254961
5247763965280815,乡村蜜糖,Thu Dec 25 16:09:15 +0800 2025,没吃过,积极,0.7187706850196719
5247763965280815,杭田视频,Thu Dec 25 16:06:03 +0800 2025,可爱不是长久之计 可爱你是长久之计 周四愉快~,积极,0.8799335930082179
5247763965280815,网络醉江南,Thu Dec 25 15:55:46 +0800 2025,知道错了,消极,0.1430180875170324
5247763965280815,9向上,Thu Dec 25 15:48:11 +0800 2025,预制菜还是少吃为好,消极,0.49426118812108866
5247763965280815,Ad海海之梦,Thu Dec 25 15:33:51 +0800 2025,贾国龙的“降价+现做+多人力”组合，能否让西贝摆脱预制菜标签？拭目以待！,积极,0.8926950130544157
5247762731893460,栁煤竹茶,Thu Dec 25 15:39:58 +0800 2025,说了三点错误，就没意识到本质还是自己做了预制菜？,消极,0.10232902485361405
5247762731893460,钢盔侠之大者,Fri Dec 26 08:21:40 +0800 2025,你得感谢罗永浩让你认识到自己的无知，打败你的从来不是你的竞争对手,消极,0.26256546656432467
5247762731893460,种菜的芹菜,Thu Dec 25 16:48:42 +0800 2025,避实就虚,消极,0.17587464059474037
5247763998574730,星语猫猫,Thu Dec 25 15:35:23 +0800 2025,日行一善，日省一过，日行一善，积善成德，但行好事，莫问前程。,积极,0.5942921175526976
5247763998574730,小杰如此美好,Thu Dec 25 16:01:23 +0800 2025,这是什么情况我的天,消极,0.10527957686311024
5247761349870665,小窗阅读,Fri Dec 26 04:06:02 +0800 2025,愿你好运相随，幸福满满。,积极,0.8676296290404935
5247761213558048,济南郭小坏,Fri Dec 26 13:38:51 +0800 2025,西贝把那个孩子供到18岁，然后来西北接替这服务员,积极,0.7624962449186597
5247762187681855,小小锦鲤春满塘,Thu Dec 25 17:25:02 +0800 2025,勇于承认错误,积极,0.6139276124193458
5247762187681855,悠悠五千,Thu Dec 25 22:33:33 +0800 2025,搞不懂互联网吧,消极,0.1046221025340482
5247762187681855,四悔于世,Thu Dec 25 19:12:20 +0800 2025,帐估计是分的差不多了，背后的资本钱分完了,积极,0.7116943134444341
5247762187681855,人生如梦锦鲤版,Thu Dec 25 15:57:47 +0800 2025,服务和诚信是最重要的,消极,0.490847431291342
5247762187681855,满汉全席鸡屁股,Thu Dec 25 15:43:53 +0800 2025,我突然想起来，我没吃过西贝,积极,0.8418217651834112
5247762187681855,薇颖妮,Tue Jan 13 21:02:35 +0800 2026,敢于承认错误,积极,0.6984297762748639
5247762187681855,天空已蔚蓝4587,Fri Dec 26 08:03:00 +0800 2025,这人面相不好,消极,0.1998502444309629
5247745187120648,回旋踢2011,Fri Jan 23 10:30:06 +0800 2026,还是不甘心啊,积极,0.5727899038569376
5247745187120648,KY小龙女,Wed Jan 21 13:38:57 +0800 2026,了解了,积极,0.8703856064405301
5247745187120648,幸运叮当猫的百宝袋,Tue Jan 20 19:49:27 +0800 2026,我就观望一下,消极,0.12960681493171822
5247745187120648,欧王锦鲤iM,Thu Jan 08 20:12:39 +0800 2026,就看看,消极,0.45611919690605807
5247745187120648,冬廿七的好运集,Sat Dec 27 00:31:20 +0800 2025,来看看就好,积极,0.894220243594873
5247745187120648,糖糖乃是幸运儿哦,Thu Dec 25 18:41:48 +0800 2025,晚好哦 哥哥,消极,0.44604143881696245
5247745187120648,Ying_space,Thu Dec 25 14:19:09 +0800 2025,我想不到这么深，就是一个吃瓜的,消极,0.1068656515453508
5247745187120648,牧小虎,Thu Dec 25 17:52:17 +0800 2025,我只能说呵呵呵，没什么就呵呵，然后告辞,消极,0.10333855357864294
5247745187120648,有活力的榴莲,Thu Dec 25 16:34:56 +0800 2025,不管舆论是什么 我只相信我看到的西贝是一个干净卫生食材好的餐厅 外面吃饭西贝是首选,积极,0.8920898663650518
5247745187120648,爱吃螺蛳粉猪肉_,Sun Jan 04 16:50:09 +0800 2026,贾国龙后悔和罗永浩硬刚，还说不再做个人IP专心做餐饮，看来这场隔空对战让他有了新反思。,积极,0.86275738697789
5247745187120648,初拾T,Thu Dec 25 15:19:14 +0800 2025,来喽,积极,0.8287304737087681
5247745187120648,偷得浮生半日闲的微博,Thu Dec 25 14:26:56 +0800 2025,不知道 吃瓜吃瓜🍉,消极,0.4448253609962869
5247745187120648,满汉全席鸡屁股,Fri Jan 02 17:06:43 +0800 2026,还是好好做企业吧,消极,0.11317353928427695
5247759722741925,烈火雄枫,Thu Dec 25 15:16:33 +0800 2025,下午好谢谢博主的分享。,积极,0.8914217289922931
5247759722741925,情枫芸,Thu Dec 25 15:16:32 +0800 2025,下午好拜访好友微博。,积极,0.8825921338062926
5247759772812699,bubutang4587,Wed Dec 31 11:21:00 +0800 2025,哈哈哈哈哈,消极,0.4194520213086861
5247759713049161,鉴真收藏,Thu Dec 25 15:53:03 +0800 2025,无奈,消极,0.3610585863002342
5247759713049161,厉寒川,Thu Dec 25 15:14:46 +0800 2025,风波后，安眠药伴他夜，西贝加油，责任担当再启航！,积极,0.8671617573854746
5247759713049161,画画的米修,Thu Dec 25 18:11:19 +0800 2025,血性不等于鲁莽,消极,0.17812677762731355
5247759713049161,丙焱照耀,Thu Dec 25 17:06:02 +0800 2025,希望多些真正的厨房,消极,0.11101680872158123
5247759489696121,wu--1990,Thu Dec 25 15:14:01 +0800 2025,大家怎么看？,消极,0.10077515929646923
5247759489696121,帕吕德,Thu Dec 25 19:24:42 +0800 2025,哈哈,积极,0.8581575627428834
5247759489696121,金家素面,Thu Dec 25 15:29:22 +0800 2025,不相信他价格太高了。,消极,0.10433494380837272
5247756761039719,福露寿喜烧,Thu Dec 25 15:13:55 +0800 2025,希望完全整改,积极,0.6896342520257377
5247756761039719,萌玉无心,Thu Dec 25 15:11:55 +0800 2025,好好整改吧 不要欺骗消费者,消极,0.11488057962506441
5247756761039719,云屿叙,Thu Dec 25 15:11:38 +0800 2025,希望能踏踏实实做餐饮吧,消极,0.22128715859721237
5247756761039719,糖醋毛毛鱼O_o,Thu Dec 25 15:13:36 +0800 2025,餐饮还是得踏踏实实的,消极,0.34461660807966704
5247756761039719,今天我说喜欢你了吗,Thu Dec 25 15:11:06 +0800 2025,没有吃西贝了,积极,0.6524870465357253
5247756761039719,薇妮一勺盐,Thu Dec 25 15:09:13 +0800 2025,踏踏实实做好一个餐厅吧 别光想着用最高的价格买预制菜 唱的比做的好听,消极,0.31883013763902407
5247756761039719,千金难买我诺意,Thu Dec 25 15:09:06 +0800 2025,预制菜也要看种类,积极,0.5216620586243863
5247756761039719,包心汤圆圆,Thu Dec 25 15:08:42 +0800 2025,认错可以 但是不改正的意思？,消极,0.21875673777061944
5247756761039719,灿若星辰ab,Thu Dec 25 15:07:07 +0800 2025,预制菜现在真的很多,积极,0.6266607708785272
5247756761039719,攻藤孝女,Thu Dec 25 15:07:05 +0800 2025,现在预制菜不是很多的,积极,0.6799043930182165
5247756761039719,猫奴三娘子,Thu Dec 25 15:06:13 +0800 2025,都是些什么事呀,消极,0.14353658196054567
5247756761039719,属猫的啊,Thu Dec 25 15:06:05 +0800 2025,是的，希望好好整改啊,消极,0.48158784741079896
5247756761039719,果酱桉,Thu Dec 25 15:07:46 +0800 2025,认真整改，不要流于表面,消极,0.18719101552839684
5247756761039719,Hebe今天睡醒了吗,Thu Dec 25 15:04:06 +0800 2025,大家觉得这个回应怎么样呢,积极,0.7409401516908588
5247756761039719,梦境沉睡森林木屋,Thu Dec 25 16:16:29 +0800 2025,它好像越来越火了,积极,0.5890648710195023
5247756761039719,Juli·Baker_c,Thu Dec 25 15:23:28 +0800 2025,这个事情感觉已经过去很久了,积极,0.589480889178347
5247756761039719,月亮花生播报员,Thu Dec 25 15:19:59 +0800 2025,希望是这样吧,消极,0.4941715490294769
5247756761039719,果酱桉,Thu Dec 25 15:16:36 +0800 2025,好好整改，要对得起消费者,消极,0.2145405870352981
5247756761039719,o巨星駕到通通閃開o,Thu Dec 25 15:25:17 +0800 2025,一定要好好整改，顾客不是瞎子,消极,0.10546851489421079
5247756761039719,CHEN_HE200906,Wed Dec 31 01:57:09 +0800 2025,可是我前两天连着点了几次，确实是预制菜，而且拉肚子了。。。,消极,0.14274496738426623
5247758344917391,晓兮沫,Thu Dec 25 20:25:35 +0800 2025,我来了哦哦,积极,0.6924952014593628
5247758344917391,青橙烤奶,Thu Dec 25 16:20:07 +0800 2025,罗永浩,积极,0.7889333646059896
5247758344917391,叫我嘉欣呀,Thu Dec 25 15:16:17 +0800 2025,又想起来了,积极,0.8785098838212463
5247758344917391,心洷,Thu Dec 25 15:34:01 +0800 2025,唉他好好改正就好了,积极,0.6286554467722567
5247758344917391,祎只酸菜鱼_zoey,Thu Dec 25 15:25:02 +0800 2025,感觉时间好像就是这样的,积极,0.6677580771803179
5247758344917391,薄荷巧巧巧克力,Thu Dec 25 15:15:25 +0800 2025,他好好改正就好,积极,0.6597404648233806
5247758344917391,顺风耳202409,Thu Dec 25 18:37:47 +0800 2025,觉得还是换个马夹出来割韭菜才有钱途，如果现在谁还去贾货店吃饭，别人一定会说，这人脑壳不是被门夹了，就是被驴踢了！,消极,0.1628311703579401
5247758344917391,超爱辣锅巴,Thu Dec 25 15:33:46 +0800 2025,挺受打击的感觉,积极,0.5202894399247754
5247758552535550,阳光的味道2717615132,Fri Dec 26 11:41:58 +0800 2025,我会去吃，认真做事的企业值得被尊重,积极,0.8513258428960399
5247757436584763,夏若微凉1823,Thu Dec 25 15:07:17 +0800 2025,向顾客、员工及自己道歉，将问题根源归结为“骄傲”，坦言长期忽视顾客声音，误判了快餐战略（8年投入5亿失败）与舆情应对方式。,消极,0.3550473973125918
5247757436584763,夏若微凉1823,Thu Dec 25 15:06:02 +0800 2025,宣布不再打造个人IP，专注门店管理，承诺“如果能重来绝不硬刚”，改为耐心听取顾客意见。,积极,0.7816267963336969
5247757436584763,夏若微凉1823,Thu Dec 25 15:05:45 +0800 2025,下午好,积极,0.8551491962502752
5247757695847605,评论罗伯特,Thu Dec 25 15:08:32 +0800 2025,贾总的决策体现了企业家的责任感和长远眼光。在困难时期优先保障员工权益，不仅能稳定团队，还能提升员工士气和技能，为未来的复苏打下坚实基础。这样的企业文化和管理理念值得称赞！,积极,0.899484805784121
5247757695847605,二孩困扰,Thu Dec 25 15:09:18 +0800 2025,贾国龙终于懂舆论的厉害了,消极,0.18171952134414082
5247757695847605,欢乐爆笑,Thu Dec 25 15:06:52 +0800 2025,贾国龙的做法很赞，员工是企业的根。,积极,0.8528724591614975
5247757695847605,二孩困扰,Thu Dec 25 15:09:50 +0800 2025,贾国龙还是做对了一件事，留住员工。,积极,0.8644522844297171
5247757695847605,斗城半夏,Thu Dec 25 15:40:45 +0800 2025,所谓“连续40天吃安眠药”“做好回草原养羊的准备”，更像卖惨博同情——早把顾客当“朋友”而非“对立面”，何至于落到这步？认错要靠危机倒逼，整改只做表面文章，这样的“反思”，谁信谁吃亏。,消极,0.10121316441411303
5247757695847605,苦苦的甜甜圈org,Thu Dec 25 16:20:38 +0800 2025,好好做产品才是真的,积极,0.5763543076994324
5247757695847605,三孩困扰,Thu Dec 25 15:13:07 +0800 2025,贾国龙还是很有企业风范,积极,0.787201039947206
5247757695847605,用户7496828358,Thu Dec 25 17:12:56 +0800 2025,留不住顾客说啥也没用，我以前经常去，后来涨价后去的少了很多，有次五六个人中饭吃了一千多，牛肉死贵还嚼不动，老罗吐槽后，出于好奇西贝有没改好，点了个辣椒炒肉，结果一点不好吃，肉一点不新鲜，后来才知道这是有论文的预制菜，自那以后再也没去吃过。,消极,0.13189236084826753
5247757695847605,kiss凌晨de夜,Fri Dec 26 13:24:24 +0800 2025,之前的一线员工只需要做预制菜很轻松，现在的一线员工需要现做菜当然要涨工资。,消极,0.32518185566522106
5247757695847605,我不是纪鲶,Thu Dec 25 15:44:06 +0800 2025,老贾还是有头脑,积极,0.8561379512388868
5247757695847605,刘HL龙,Thu Dec 25 15:11:18 +0800 2025,贾国龙果然是个有担当的老板！,积极,0.8957501615016668
5247756763662694,珉落凡尘,Thu Dec 25 15:03:23 +0800 2025,77,消极,0.12729316384636052
5247756763662694,珉落凡尘,Thu Dec 25 15:03:21 +0800 2025,66,消极,0.46261018600907844
5247756763662694,珉落凡尘,Thu Dec 25 15:03:18 +0800 2025,55,积极,0.7722948236830348
5247756763662694,珉落凡尘,Thu Dec 25 15:03:16 +0800 2025,44,消极,0.19765373304731426
5247756763662694,珉落凡尘,Thu Dec 25 15:03:14 +0800 2025,33,积极,0.7481923993412352
5247756763662694,珉落凡尘,Thu Dec 25 15:03:11 +0800 2025,22,消极,0.23871949616004695
5247756763662694,珉落凡尘,Thu Dec 25 15:03:09 +0800 2025,11,消极,0.43401906523918043
5247756369396014,一休哥没有V,Thu Dec 25 16:44:14 +0800 2025,哪里有什么中央厨房，只不过是各地的预制菜厂商,消极,0.3766831819762245
5247756369396014,直立狗,Thu Dec 25 15:05:11 +0800 2025,预制菜就是预制菜，假的真不了,消极,0.13552649193129887
5247756369396014,非著名影视策划,Thu Dec 25 15:02:26 +0800 2025,你的错误在于用了华与华,消极,0.10673547472101837
5247756369396014,是小十九呀lo,Thu Dec 25 15:03:02 +0800 2025,太激动了,积极,0.8752314017260261
5247756369396014,eryahappyboy,Thu Dec 25 15:03:38 +0800 2025,他好像还不知道自己错在哪里,消极,0.421971002844014
5247756369396014,令狐掌门-,Thu Dec 25 15:23:42 +0800 2025,预制菜就是预制菜 真相本身,消极,0.12818181906946619
5247756369396014,我还是大尾巴狼,Sat Dec 27 17:09:15 +0800 2025,还尼玛研发中心,消极,0.10263181977883484
5247756369396014,宇宙无敌超级大大宝贝,Fri Dec 26 09:06:02 +0800 2025,你信吗,消极,0.10275360463860458
5247756369396014,在跟空气斗智斗勇,Thu Dec 25 17:01:46 +0800 2025,又出来了？,消极,0.33470941455972747
5247756369396014,rain哦啦啦,Thu Dec 25 16:16:55 +0800 2025,只要不放奇奇怪怪的科技，中央厨房，比百分之九十九的餐饮店干净，他应该开放他的中央厨房,积极,0.8583449799465172
5247756369396014,十一月的芙蓉花,Thu Dec 25 15:23:10 +0800 2025,吃药多了可不好,消极,0.3096789957799245
5247756369396014,如此可爱的我们_杜添翼,Fri Dec 26 13:39:42 +0800 2025,他只是认输了，而不是明白自己错了,消极,0.3671496469577441
5247756369396014,gentle呱呱,Mon Dec 29 16:00:32 +0800 2025,全胜个屁，遇到老项还不是乖乖闭嘴。,消极,0.455470667769719
5247756369396014,gaoyunzu,Mon Dec 29 10:32:38 +0800 2025,不着急，等罗永浩及其网络恶劣行为被明确定性了，再起诉他,消极,0.2069961505763213
5247756369396014,鼎势经纬,Sat Dec 27 10:53:40 +0800 2025,西贝那件事真正的问题，是消费者知情权被损害以及菜品定价属于价高质底。,消极,0.3108844687049661
5247756369396014,3K31_beFrank,Fri Dec 26 13:50:28 +0800 2025,这不是他一个人的责任，这是一个行业的乱象，只是他自己把他放到台子上让大家看到，侧面来说贾老板还是推动行业变革的参与者,积极,0.7869194450471724
5247756369396014,冰糖橙小侠,Fri Dec 26 13:43:46 +0800 2025,因为硬刚输了，所以后悔。(咱家预制菜还是一流的),积极,0.8264841157917658
5247756369396014,少看一眼都是你的不对,Fri Dec 26 10:26:05 +0800 2025,不是认错了，是怕了,消极,0.10150365174901602
5247756369396014,狂拽东瓜爱幽默,Thu Dec 25 20:37:40 +0800 2025,还在蒸,积极,0.7393031446833561
5247756369396014,陈翻车鱼,Thu Dec 25 18:10:21 +0800 2025,看来还没认识到错在哪,消极,0.12142916395536055
5247756369396014,WJ7928,Thu Dec 25 17:46:18 +0800 2025,人狂没好事,积极,0.8712533836582935
5247756369396014,我们理想的世界,Thu Dec 25 17:27:09 +0800 2025,把良心捡起来就行了！,消极,0.4472044366998311
5247756369396014,用户5190503401,Thu Dec 25 17:18:07 +0800 2025,看口气，还是没认错，说不和别人吵，从没想过别人为什么说你不好！,消极,0.146505301546645
5247756369396014,二维不锈钢,Thu Dec 25 16:45:28 +0800 2025,做餐饮的，被说不好吃，很正常,消极,0.11838497708906295
5247756369396014,兔斯基的老公,Thu Dec 25 16:40:33 +0800 2025,男人啊。总感觉老子天下第一,积极,0.878591200951314
5247756369396014,niuniu1986821,Thu Dec 25 16:26:29 +0800 2025,不是说生意可以不做的么，满足了啊,积极,0.5440833819529984
5247756369396014,遇说1986,Sun Dec 28 08:19:53 +0800 2025,药还是吃的少啊，一下子过去不就行了,消极,0.3797133308623863
5247756369396014,阿ken_ken,Fri Dec 26 14:01:45 +0800 2025,差点就异地看罗了，吓跑了都,积极,0.847893334502453
5247756369396014,随心所欲·薛,Thu Dec 25 19:09:15 +0800 2025,老罗打嘴仗都有证据，正常人搞不赢,消极,0.1451664623844834
5247756369396014,用户7838356333,Thu Dec 25 15:04:33 +0800 2025,激动了,积极,0.8929361089964942
5247757369477441,野趣派,Thu Dec 25 15:09:03 +0800 2025,我会带娃去。因为，我找不到其他可以放心的地方。我自己做餐饮。我们几乎所有的餐饮人，跟圈外的，是两个态度。,积极,0.808296676884504
5247755035608640,高高的山峰矗立在南天,Thu Dec 25 14:59:19 +0800 2025,在评价罗永浩上，大家可以看看项立刚老师的发言！,积极,0.8290039515216563
5247755035608640,还有比讲老实话更逗的吗,Thu Dec 25 15:32:11 +0800 2025,老罗也不地道，欺负人贾老板，好不好吃的也不该公开提。但又偏偏遇上了项立刚这个马屁精。其实早就能预料到。不待说罢了。,消极,0.2022116187038563
5247755035608640,高高的山峰矗立在南天,Thu Dec 25 14:58:29 +0800 2025,贾老板太老实，你看看人家项立刚老师是如何点评罗永浩的！,消极,0.11442312552128717
5247756118790125,幻魔力媛,Thu Dec 25 15:08:12 +0800 2025,真的希望他能更好地应对舆情！,积极,0.5719936580632862
5247756118790125,爱的天使201203,Thu Dec 25 15:08:12 +0800 2025,我觉得老板应该听听更多声音。,消极,0.44010025639684547
5247756118790125,遇见只是为了忘记_626,Thu Dec 25 15:08:12 +0800 2025,信息单一确实容易导致误判。,消极,0.11095157924609152
5247756118790125,雨中漫画家,Thu Dec 25 15:09:33 +0800 2025,高处不胜寒，需多方听取信息。,消极,0.48275450100036044
5247756118790125,抑郁的瓜瓜子,Thu Dec 25 15:08:12 +0800 2025,高位之人易迷，信息匮乏显扰。,消极,0.40303434716158504
5247756083921066,灯火入眉弯sum,Thu Dec 25 15:02:57 +0800 2025,不要再三把消费者当傻子咯,消极,0.10910188246790349
5247756083921066,是邓vv,Thu Dec 25 15:11:19 +0800 2025,受苦的都是我们牛马,消极,0.12147015188012682
5247756083921066,太阳花-D1,Thu Dec 25 15:10:41 +0800 2025,避重就轻,消极,0.3754519379488833
5247756083921066,西山派苏易水的邓为脸红最可爱,Thu Dec 25 15:10:29 +0800 2025,吃预制菜的我们,积极,0.7628634555330791
5247756083921066,琻_J,Thu Dec 25 15:15:48 +0800 2025,说得对,积极,0.8722438491590566
5247756083921066,W紫1026,Thu Dec 25 15:19:21 +0800 2025,反正我不会再吃了,消极,0.11209710186249494
5247756083921066,漫长的好时光,Thu Dec 25 15:08:25 +0800 2025,预制菜好像大家既讨厌又这么吃着,消极,0.16775637572384977
5247755368011483,厉寒川,Thu Dec 25 14:57:24 +0800 2025,贾总的坦诚令人敬佩，愿西贝能从挫折中成长，再次赢得顾客信赖。,积极,0.8954177089158094
5247754809901105,愿T诸事皆顺,Thu Dec 25 14:58:32 +0800 2025,钱都用来花的，都可以选择去不去消费，去哪里消费,积极,0.7647694993409943
5247754553262630,少侠你这是喜脉,Thu Dec 25 14:55:58 +0800 2025,他老委屈了,消极,0.10785163572186451
5247754553262630,兔介么可爱,Thu Dec 25 14:59:04 +0800 2025,不去吃就好,积极,0.8948473980674976
5247754553262630,songha工作室,Thu Dec 25 14:57:47 +0800 2025,预制菜卖那么贵想怎样,消极,0.11657717841173869
5247754553262630,等songha欧巴,Thu Dec 25 14:56:41 +0800 2025,想知道现在降价了吗？,积极,0.7399880764408522
5247754553262630,果冻不太乖,Thu Dec 25 15:00:33 +0800 2025,别委屈，感觉降价,积极,0.572049712513811
5247754797844008,诗意-微笑,Thu Dec 25 14:57:16 +0800 2025,贾国龙终于知道“硬刚”的后果了,积极,0.5161947262417016
5247754797844008,悟道的蟹壳,Thu Dec 25 15:17:56 +0800 2025,龙向龙低头,消极,0.25678267308286973
5247754797844008,别样明媚时光,Thu Dec 25 15:16:35 +0800 2025,现在的消费者，并不是那么容易糊弄的,消极,0.12020809515542105
5247754797844008,Acegenie,Thu Dec 25 15:06:29 +0800 2025,才100天，我以为过去半年了,消极,0.1595677085154761
5247754797844008,绑娜娜,Thu Dec 25 15:05:43 +0800 2025,发现原来后果那么严重,消极,0.15966894064471218
5247754797844008,康康-七色花,Thu Dec 25 15:04:50 +0800 2025,适合有担当的老板,积极,0.7233239755685759
5247754797844008,只对喜欢的人笑,Thu Dec 25 15:01:46 +0800 2025,我们这的西贝还是客流很大,积极,0.859375827215311
5247754797844008,释情笺,Thu Dec 25 14:55:40 +0800 2025,贾国龙的转型，是对品牌责任与消费者信任的一次深刻反思。,积极,0.8728641047230781
5247754797844008,情枫芸,Thu Dec 25 14:55:24 +0800 2025,下午好专程来问候一下好友。,积极,0.8594897637159221
5247754797844008,蓝桉悠然,Thu Dec 25 14:59:22 +0800 2025,健康比什么都重要,积极,0.5207785100159525
5247754797844008,清欣777,Thu Dec 25 14:59:13 +0800 2025,贾国龙终于不那么骄傲了,积极,0.5523723215261724
5247754797844008,清欣777,Thu Dec 25 14:58:55 +0800 2025,做好品质是关键,积极,0.6029846334417727
5247754797844008,Aki-旅人,Sun Dec 28 08:40:09 +0800 2025,早安,积极,0.881674849215895
5247754797844008,阿峯2026,Fri Dec 26 13:34:03 +0800 2025,嘴犟的代表,积极,0.5627766519771541
5247754599139014,喜欢娱乐喜欢美食,Fri Dec 26 12:02:16 +0800 2025,大家好,积极,0.5825855845987263
5247753823194530,小城测评,Thu Dec 25 16:34:20 +0800 2025,慢慢的都淡忘才是常态,消极,0.2724643500524051
5247753949283950,Zeus_1203,Thu Dec 25 14:57:25 +0800 2025,西贝的呗。,消极,0.33587657680927163
5247753949283950,墨中寻光,Fri Dec 26 09:20:27 +0800 2025,才吃了40天就能高枕无忧了，才叫讽刺。,消极,0.13689054960877653
5247753303362488,满分少女这只魚,Thu Dec 25 14:49:20 +0800 2025,西贝,消极,0.3154132253506587
